@prefix ns0: <https://w3id.org/biolink/vocab/> .
@prefix xsd: <http://www.w3.org/2001/XMLSchema#> .
@prefix rdfs: <http://www.w3.org/2000/01/rdf-schema#> .
@prefix rdf: <http://www.w3.org/1999/02/22-rdf-syntax-ns#> .

<https://w3id.org/biolink/infores/knowledge-collaboratory>
  a <https://w3id.org/biolink/vocab/InformationResource> ;
  ns0:category "biolink:InformationResource"^^xsd:string ;
  ns0:id "infores:knowledge-collaboratory"^^xsd:string .

<https://link.springer.com/article/10.1007/s12192-021-01223-3>
  a ns0:Publication ;
  ns0:category "biolink:Publication"^^xsd:string ;
  ns0:id "https://link.springer.com/article/10.1007/s12192-021-01223-3"^^xsd:string .

<http://purl.obolibrary.org/obo/PR_000025349>
  a ns0:GeneProduct ;
  rdfs:label "sHSP"^^xsd:string ;
  ns0:category "biolink:GeneProduct"^^xsd:string ;
  ns0:id "PR:000025349"^^xsd:string .

<http://identifiers.org/uniprot/P02518>
  a ns0:GeneProduct ;
  rdfs:label "HSP27"^^xsd:string ;
  ns0:category "biolink:GeneProduct"^^xsd:string ;
  ns0:id "UniProtKB:P02518"^^xsd:string .

<http://identifiers.org/umls/C0002257>
  a ns0:GeneProduct ;
  rdfs:label "Alpha A crystallin"^^xsd:string ;
  ns0:category "biolink:GeneProduct"^^xsd:string ;
  ns0:id "UMLS:C0002257"^^xsd:string .

<http://identifiers.org/umls/C1336952>
  a ns0:GeneProduct ;
  rdfs:label "C-terminal domain"^^xsd:string ;
  ns0:category "biolink:GeneProduct"^^xsd:string ;
  ns0:id "UMLS:C1336952"^^xsd:string .

<http://identifiers.org/umls/C1167395>
  a ns0:OrganismTaxon ;
  rdfs:label "host"^^xsd:string ;
  ns0:category "biolink:OrganismTaxon"^^xsd:string ;
  ns0:id "UMLS:C1167395"^^xsd:string .

<http://identifiers.org/umls/C0524533>
  a ns0:GeneProduct ;
  rdfs:label "Alpha B crystallin"^^xsd:string ;
  ns0:category "biolink:GeneProduct"^^xsd:string ;
  ns0:id "UMLS:C0524533"^^xsd:string .

<http://identifiers.org/umls/C0042736>
  a ns0:GeneProduct ;
  rdfs:label "viral proteins"^^xsd:string ;
  ns0:category "biolink:GeneProduct"^^xsd:string ;
  ns0:id "UMLS:C0042736"^^xsd:string .

<http://purl.obolibrary.org/obo/CL_0000000>
  a ns0:Cell ;
  rdfs:label "cell"^^xsd:string ;
  ns0:category "biolink:Cell"^^xsd:string ;
  ns0:id "CL:0000000"^^xsd:string .

<http://identifiers.org/uniprot/P04792>
  a ns0:GeneProduct ;
  rdfs:label "Heat Shock Protein 27"^^xsd:string ;
  ns0:category "biolink:GeneProduct"^^xsd:string ;
  ns0:id "UniProtKB:P04792"^^xsd:string .

<http://identifiers.org/uniprot/Q16539>
  a ns0:GeneProduct ;
  rdfs:label "p38 MAPK"^^xsd:string ;
  ns0:category "biolink:GeneProduct"^^xsd:string ;
  ns0:id "UniProtKB:Q16539"^^xsd:string .

<http://purl.obolibrary.org/obo/GO_0071620>
  a ns0:ChemicalEntity ;
  rdfs:label "serine residues"^^xsd:string ;
  ns0:category "biolink:ChemicalEntity"^^xsd:string ;
  ns0:id "GO:0071620"^^xsd:string .

<http://purl.obolibrary.org/obo/CHEBI_132554>
  a ns0:ChemicalEntity ;
  rdfs:label "oligomers"^^xsd:string ;
  ns0:category "biolink:ChemicalEntity"^^xsd:string ;
  ns0:id "CHEBI:132554"^^xsd:string .

<http://identifiers.org/kegg.compound/C22381>
  a ns0:ChemicalEntity ;
  rdfs:label "reactive oxygen species"^^xsd:string ;
  ns0:category "biolink:ChemicalEntity"^^xsd:string ;
  ns0:id "KEGG.COMPOUND:C22381"^^xsd:string .

<http://identifiers.org/umls/C0428578>
  a ns0:ChemicalEntity ;
  rdfs:label "iron levels"^^xsd:string ;
  ns0:category "biolink:ChemicalEntity"^^xsd:string ;
  ns0:id "UMLS:C0428578"^^xsd:string .

<http://purl.obolibrary.org/obo/PR_000006283>
  a ns0:GeneProduct ;
  rdfs:label "DAXX"^^xsd:string ;
  ns0:category "biolink:GeneProduct"^^xsd:string ;
  ns0:id "PR:000006283"^^xsd:string .

<http://purl.obolibrary.org/obo/GO_0006915>
  a ns0:ChemicalEntity ;
  rdfs:label "apoptosis"^^xsd:string ;
  ns0:category "biolink:ChemicalEntity"^^xsd:string ;
  ns0:id "GO:0006915"^^xsd:string .

<http://identifiers.org/uniprot/Q07812>
  a ns0:GeneProduct ;
  rdfs:label "Bax"^^xsd:string ;
  ns0:category "biolink:GeneProduct"^^xsd:string ;
  ns0:id "UniProtKB:Q07812"^^xsd:string .

<http://purl.obolibrary.org/obo/NCBITaxon_11676>
  a ns0:OrganismTaxon ;
  rdfs:label "HIV-1"^^xsd:string ;
  ns0:category "biolink:OrganismTaxon"^^xsd:string ;
  ns0:id "NCBITaxon:11676"^^xsd:string .

<http://purl.obolibrary.org/obo/NCIT_C53791>
  a ns0:Disease ;
  rdfs:label "infection"^^xsd:string ;
  ns0:category "biolink:Disease"^^xsd:string ;
  ns0:id "NCIT:C53791"^^xsd:string .

<http://purl.obolibrary.org/obo/NCIT_C12476>
  a ns0:Cell ;
  rdfs:label "T-cell"^^xsd:string ;
  ns0:category "biolink:Cell"^^xsd:string ;
  ns0:id "NCIT:C12476"^^xsd:string .

<http://identifiers.org/umls/C0024264>
  a ns0:OrganismTaxon ;
  rdfs:label "lymphocytic"^^xsd:string ;
  ns0:category "biolink:OrganismTaxon"^^xsd:string ;
  ns0:id "UMLS:C0024264"^^xsd:string .

<http://identifiers.org/umls/C0003323>
  a ns0:ChemicalEntity ;
  rdfs:label "CD4+"^^xsd:string ;
  ns0:category "biolink:ChemicalEntity"^^xsd:string ;
  ns0:id "UMLS:C0003323"^^xsd:string .

<http://id.nlm.nih.gov/mesh/D012333>
  a ns0:GeneProduct ;
  rdfs:label "mRNA"^^xsd:string, "messenger RNA"^^xsd:string ;
  ns0:category "biolink:GeneProduct"^^xsd:string ;
  ns0:id "MESH:D012333"^^xsd:string .

<http://purl.obolibrary.org/obo/GO_0019835>
  a ns0:ChemicalEntity ;
  rdfs:label "cytolysis"^^xsd:string ;
  ns0:category "biolink:ChemicalEntity"^^xsd:string ;
  ns0:id "GO:0019835"^^xsd:string .

<http://identifiers.org/umls/C0079423>
  a ns0:GeneProduct ;
  rdfs:label "Vpr"^^xsd:string ;
  ns0:category "biolink:GeneProduct"^^xsd:string ;
  ns0:id "UMLS:C0079423"^^xsd:string .

<http://identifiers.org/umls/C0079405>
  a ns0:GeneProduct ;
  rdfs:label "viral protein R"^^xsd:string ;
  ns0:category "biolink:GeneProduct"^^xsd:string ;
  ns0:id "UMLS:C0079405"^^xsd:string .

<http://identifiers.org/uniprot/Q00613>
  a ns0:GeneProduct ;
  rdfs:label "HSF1"^^xsd:string ;
  ns0:category "biolink:GeneProduct"^^xsd:string ;
  ns0:id "UniProtKB:Q00613"^^xsd:string .

<http://id.nlm.nih.gov/mesh/D016827>
  a ns0:Cell ;
  rdfs:label "CD8+"^^xsd:string ;
  ns0:category "biolink:Cell"^^xsd:string ;
  ns0:id "MESH:D016827"^^xsd:string .

<http://identifiers.org/umls/C0054965>
  a ns0:Cell ;
  rdfs:label "CD57+"^^xsd:string ;
  ns0:category "biolink:Cell"^^xsd:string ;
  ns0:id "UMLS:C0054965"^^xsd:string .

<http://identifiers.org/umls/C1442792>
  a ns0:ChemicalEntity ;
  rdfs:label "state"^^xsd:string ;
  ns0:category "biolink:ChemicalEntity"^^xsd:string ;
  ns0:id "UMLS:C1442792"^^xsd:string .

<http://id.nlm.nih.gov/mesh/D000089582>
  a ns0:ChemicalEntity ;
  rdfs:label "vaccine adjuvant"^^xsd:string ;
  ns0:category "biolink:ChemicalEntity"^^xsd:string ;
  ns0:id "MESH:D000089582"^^xsd:string .

<http://purl.obolibrary.org/obo/PR_000022465>
  a ns0:GeneProduct ;
  rdfs:label "HSP70"^^xsd:string ;
  ns0:category "biolink:GeneProduct"^^xsd:string ;
  ns0:id "PR:000022465"^^xsd:string .

<http://id.nlm.nih.gov/mesh/D002462>
  a ns0:CellMembrane ;
  rdfs:label "plasma membrane"^^xsd:string ;
  ns0:category "biolink:CellMembrane"^^xsd:string ;
  ns0:id "MESH:D002462"^^xsd:string .

<http://identifiers.org/uniprot/P02489>
  a ns0:GeneProduct ;
  rdfs:label "HSPB4"^^xsd:string ;
  ns0:category "biolink:GeneProduct"^^xsd:string ;
  ns0:id "UniProtKB:P02489"^^xsd:string .

<http://purl.obolibrary.org/obo/PR_000005908>
  a ns0:GeneProduct ;
  rdfs:label "HSPB5"^^xsd:string ;
  ns0:category "biolink:GeneProduct"^^xsd:string ;
  ns0:id "PR:000005908"^^xsd:string .

<http://identifiers.org/umls/C0596235>
  a ns0:ChemicalEntity ;
  rdfs:label "calcium ions"^^xsd:string ;
  ns0:category "biolink:ChemicalEntity"^^xsd:string ;
  ns0:id "UMLS:C0596235"^^xsd:string .

<http://identifiers.org/umls/C0917721>
  a ns0:GeneProduct ;
  rdfs:label "HIV-1 protease"^^xsd:string ;
  ns0:category "biolink:GeneProduct"^^xsd:string ;
  ns0:id "UMLS:C0917721"^^xsd:string .

<http://identifiers.org/uniprot/Q9EPX0>
  a ns0:GeneProduct ;
  rdfs:label "HSPB8"^^xsd:string ;
  ns0:category "biolink:GeneProduct"^^xsd:string ;
  ns0:id "UniProtKB:Q9EPX0"^^xsd:string .

<http://identifiers.org/uniprot/Q8UUW7>
  a ns0:GeneProduct ;
  rdfs:label "Sam68"^^xsd:string ;
  ns0:category "biolink:GeneProduct"^^xsd:string ;
  ns0:id "UniProtKB:Q8UUW7"^^xsd:string .

[]
  a ns0:Association ;
  rdf:object <http://purl.obolibrary.org/obo/PR_000025349> ;
  rdf:predicate ns0:has ;
  rdf:subject <http://identifiers.org/uniprot/P02518> ;
  ns0:aggregator_knowledge_source <https://w3id.org/biolink/infores/knowledge-collaboratory> ;
  ns0:category "biolink:Association"^^xsd:string ;
  ns0:id "collaboratory:UniProtKB:P02518-biolink:has-PR:000025349"^^xsd:string ;
  ns0:publications <https://link.springer.com/article/10.1007/s12192-021-01223-3> .

[]
  a ns0:Association ;
  rdf:object <http://identifiers.org/umls/C0002257> ;
  rdf:predicate ns0:interacts_with ;
  rdf:subject <http://identifiers.org/umls/C1336952> ;
  ns0:aggregator_knowledge_source <https://w3id.org/biolink/infores/knowledge-collaboratory> ;
  ns0:category "biolink:Association"^^xsd:string ;
  ns0:id "collaboratory:UMLS:C1336952-biolink:interacts_with-UMLS:C0002257"^^xsd:string ;
  ns0:publications <https://link.springer.com/article/10.1007/s12192-021-01223-3> .

[]
  a ns0:Association ;
  rdf:object <http://purl.obolibrary.org/obo/PR_000025349> ;
  rdf:predicate ns0:activity_affected_by ;
  rdf:subject <http://identifiers.org/umls/C0002257> ;
  ns0:aggregator_knowledge_source <https://w3id.org/biolink/infores/knowledge-collaboratory> ;
  ns0:category "biolink:Association"^^xsd:string ;
  ns0:id "collaboratory:UMLS:C0002257-biolink:activity_affected_by-PR:000025349"^^xsd:string ;
  ns0:publications <https://link.springer.com/article/10.1007/s12192-021-01223-3> .

[]
  a ns0:Association ;
  rdf:object <http://identifiers.org/umls/C1167395> ;
  rdf:predicate ns0:located_in ;
  rdf:subject <http://identifiers.org/umls/C0524533> ;
  ns0:aggregator_knowledge_source <https://w3id.org/biolink/infores/knowledge-collaboratory> ;
  ns0:category "biolink:Association"^^xsd:string ;
  ns0:id "collaboratory:UMLS:C0524533-biolink:located_in-UMLS:C1167395"^^xsd:string ;
  ns0:publications <https://link.springer.com/article/10.1007/s12192-021-01223-3> .

[]
  a ns0:Association ;
  rdf:object <http://identifiers.org/umls/C0042736> ;
  rdf:predicate ns0:directly_interacts_with ;
  rdf:subject <http://identifiers.org/umls/C0002257> ;
  ns0:aggregator_knowledge_source <https://w3id.org/biolink/infores/knowledge-collaboratory> ;
  ns0:category "biolink:Association"^^xsd:string ;
  ns0:id "collaboratory:UMLS:C0002257-biolink:directly_interacts_with-UMLS:C0042736"^^xsd:string ;
  ns0:publications <https://link.springer.com/article/10.1007/s12192-021-01223-3> .