@prefix ns0: <https://w3id.org/biolink/vocab/> .
@prefix xsd: <http://www.w3.org/2001/XMLSchema#> .
@prefix rdfs: <http://www.w3.org/2000/01/rdf-schema#> .
@prefix rdf: <http://www.w3.org/1999/02/22-rdf-syntax-ns#> .

<https://w3id.org/biolink/infores/knowledge-collaboratory>
  a <https://w3id.org/biolink/vocab/InformationResource> ;
  ns0:category "biolink:InformationResource"^^xsd:string ;
  ns0:id "infores:knowledge-collaboratory"^^xsd:string .

<https://dailymed.nhttps://link.springer.com/article/10.1007/s12192-021-01223-3lm.nih.gov/dailymed/drugInfo.cfm?setid=acbce0e8-5098-4785-943b-8bdb5ff17fab>
  a ns0:Publication ;
  ns0:category "biolink:Publication"^^xsd:string ;
  ns0:id "https://dailymed.nhttps://link.springer.com/article/10.1007/s12192-021-01223-3lm.nih.gov/dailymed/drugInfo.cfm?setid=acbce0e8-5098-4785-943b-8bdb5ff17fab"^^xsd:string .

<http://purl.obolibrary.org/obo/GO_0005622>
  a ns0:OrganismTaxon ;
  rdfs:label "Intracellular"^^xsd:string ;
  ns0:category "biolink:OrganismTaxon"^^xsd:string ;
  ns0:id "GO:0005622"^^xsd:string .

<http://identifiers.org/uniprot/Q5EBG6>
  a ns0:GeneProduct ;
  rdfs:label "HSPB6"^^xsd:string ;
  ns0:category "biolink:GeneProduct"^^xsd:string ;
  ns0:id "UniProtKB:Q5EBG6"^^xsd:string .

<http://purl.obolibrary.org/obo/CL_0000000>
  a ns0:OrganismTaxon ;
  rdfs:label "Cell"^^xsd:string ;
  ns0:category "biolink:OrganismTaxon"^^xsd:string ;
  ns0:id "CL:0000000"^^xsd:string .

<http://identifiers.org/umls/C1167395>
  a ns0:OrganismTaxon ;
  rdfs:label "Host"^^xsd:string ;
  ns0:category "biolink:OrganismTaxon"^^xsd:string ;
  ns0:id "UMLS:C1167395"^^xsd:string .

<http://purl.obolibrary.org/obo/NCBITaxon_9606>
  a ns0:OrganismTaxon ;
  rdfs:label "Human"^^xsd:string ;
  ns0:category "biolink:OrganismTaxon"^^xsd:string ;
  ns0:id "NCBITaxon:9606"^^xsd:string .

<http://identifiers.org/umls/C1383501>
  a ns0:OrganismTaxon ;
  rdfs:label "Cytosol"^^xsd:string ;
  ns0:category "biolink:OrganismTaxon"^^xsd:string ;
  ns0:id "UMLS:C1383501"^^xsd:string .

<http://identifiers.org/ncbigene/126393>
  a ns0:Gene, ns0:GeneProduct ;
  rdfs:label "PPP1R91"^^xsd:string, "FLJ32389"^^xsd:string, "HSP20"^^xsd:string ;
  ns0:category "biolink:Gene"^^xsd:string, "biolink:GeneProduct"^^xsd:string ;
  ns0:id "NCBIGene:126393"^^xsd:string .

<http://identifiers.org/unii/EA6MNS8JXJ>
  a ns0:OrganismTaxon ;
  rdfs:label "nucleoli"^^xsd:string ;
  ns0:category "biolink:OrganismTaxon"^^xsd:string ;
  ns0:id "UNII:EA6MNS8JXJ"^^xsd:string .

<http://id.nlm.nih.gov/mesh/D006056>
  a ns0:OrganismTaxon ;
  rdfs:label "Golgi apparatus"^^xsd:string ;
  ns0:category "biolink:OrganismTaxon"^^xsd:string ;
  ns0:id "MESH:D006056"^^xsd:string .

<http://id.nlm.nih.gov/mesh/C072591>
  a ns0:ChemicalEntity ;
  rdfs:label "160 aa"^^xsd:string ;
  ns0:category "biolink:ChemicalEntity"^^xsd:string ;
  ns0:id "MESH:C072591"^^xsd:string .

<http://identifiers.org/ncbigene/94274>
  a ns0:ChemicalEntity ;
  rdfs:label "17 kDA"^^xsd:string ;
  ns0:category "biolink:ChemicalEntity"^^xsd:string ;
  ns0:id "NCBIGene:94274"^^xsd:string .

<http://identifiers.org/uniprot/P35385>
  a ns0:GeneProduct, ns0:Gene ;
  rdfs:label "HSPB7"^^xsd:string, "CvHSP"^^xsd:string ;
  ns0:category "biolink:GeneProduct"^^xsd:string, "biolink:Gene"^^xsd:string ;
  ns0:id "UniProtKB:P35385"^^xsd:string .

<http://identifiers.org/umls/C0682537>
  a ns0:OrganismTaxon ;
  rdfs:label "Nucleoplasm"^^xsd:string, "nucleoplasm"^^xsd:string ;
  ns0:category "biolink:OrganismTaxon"^^xsd:string ;
  ns0:id "UMLS:C0682537"^^xsd:string .

<http://purl.obolibrary.org/obo/PR_000028157>
  a ns0:ChemicalEntity ;
  rdfs:label "19 kDA"^^xsd:string ;
  ns0:category "biolink:ChemicalEntity"^^xsd:string ;
  ns0:id "PR:000028157"^^xsd:string .

<http://identifiers.org/uniprot/Q9EPX0>
  a ns0:GeneProduct, ns0:Gene ;
  rdfs:label "HSPB8"^^xsd:string, "CRYAC"^^xsd:string ;
  ns0:category "biolink:GeneProduct"^^xsd:string, "biolink:Gene"^^xsd:string ;
  ns0:id "UniProtKB:Q9EPX0"^^xsd:string .

<http://purl.obolibrary.org/obo/PR_000008820>
  a ns0:Gene ;
  rdfs:label "E2IG1"^^xsd:string, "PP1629"^^xsd:string ;
  ns0:category "biolink:Gene"^^xsd:string ;
  ns0:id "PR:000008820"^^xsd:string .

<http://purl.obolibrary.org/obo/MONDO_0012096>
  a ns0:Gene ;
  rdfs:label "CMT2L"^^xsd:string ;
  ns0:category "biolink:Gene"^^xsd:string ;
  ns0:id "MONDO:0012096"^^xsd:string .

<http://id.nlm.nih.gov/mesh/D000088202>
  a ns0:OrganismTaxon ;
  rdfs:label "nuclear bodies"^^xsd:string ;
  ns0:category "biolink:OrganismTaxon"^^xsd:string ;
  ns0:id "MESH:D000088202"^^xsd:string .

<http://purl.obolibrary.org/obo/NCBITaxon_1983391>
  a ns0:ChemicalEntity ;
  rdfs:label "196 aa"^^xsd:string ;
  ns0:category "biolink:ChemicalEntity"^^xsd:string ;
  ns0:id "NCBITaxon:1983391"^^xsd:string .

<http://purl.obolibrary.org/obo/PR_000007534>
  a ns0:ChemicalEntity ;
  rdfs:label "22 kDA"^^xsd:string ;
  ns0:category "biolink:ChemicalEntity"^^xsd:string ;
  ns0:id "PR:000007534"^^xsd:string .

<http://purl.obolibrary.org/obo/PR_000008821>
  a ns0:GeneProduct, ns0:Gene ;
  rdfs:label "HSPB9"^^xsd:string, "CT51"^^xsd:string ;
  ns0:category "biolink:GeneProduct"^^xsd:string, "biolink:Gene"^^xsd:string ;
  ns0:id "PR:000008821"^^xsd:string .

<http://identifiers.org/pubchem.compound/25216475>
  a ns0:ChemicalEntity ;
  rdfs:label "159 aa"^^xsd:string ;
  ns0:category "biolink:ChemicalEntity"^^xsd:string ;
  ns0:id "PUBCHEM.COMPOUND:25216475"^^xsd:string .

<http://purl.obolibrary.org/obo/PR_000011597>
  a ns0:GeneProduct, ns0:Gene ;
  rdfs:label "HSPB10"^^xsd:string, "ODF1"^^xsd:string, "ODFP"^^xsd:string ;
  ns0:category "biolink:GeneProduct"^^xsd:string, "biolink:Gene"^^xsd:string ;
  ns0:id "PR:000011597"^^xsd:string .

<http://identifiers.org/ncbigene/4956>
  a ns0:Gene ;
  rdfs:label "CT133"^^xsd:string, "ODFPG"^^xsd:string ;
  ns0:category "biolink:Gene"^^xsd:string ;
  ns0:id "NCBIGene:4956"^^xsd:string .

<http://identifiers.org/uniprot/P21769>
  a ns0:Gene ;
  rdfs:label "ODF27"^^xsd:string ;
  ns0:category "biolink:Gene"^^xsd:string ;
  ns0:id "UniProtKB:P21769"^^xsd:string .

[]
  a ns0:Association ;
  rdf:object <http://purl.obolibrary.org/obo/GO_0005622> ;
  rdf:predicate ns0:located_in ;
  rdf:subject <http://identifiers.org/uniprot/Q5EBG6> ;
  ns0:aggregator_knowledge_source <https://w3id.org/biolink/infores/knowledge-collaboratory> ;
  ns0:category "biolink:Association"^^xsd:string ;
  ns0:id "collaboratory:UniProtKB:Q5EBG6-biolink:located_in-GO:0005622"^^xsd:string ;
  ns0:publications <https://dailymed.nhttps://link.springer.com/article/10.1007/s12192-021-01223-3lm.nih.gov/dailymed/drugInfo.cfm?setid=acbce0e8-5098-4785-943b-8bdb5ff17fab> .

[]
  a ns0:Association ;
  rdf:object <http://purl.obolibrary.org/obo/CL_0000000> ;
  rdf:predicate ns0:located_in ;
  rdf:subject <http://purl.obolibrary.org/obo/GO_0005622> ;
  ns0:aggregator_knowledge_source <https://w3id.org/biolink/infores/knowledge-collaboratory> ;
  ns0:category "biolink:Association"^^xsd:string ;
  ns0:id "collaboratory:GO:0005622-biolink:located_in-CL:0000000"^^xsd:string ;
  ns0:publications <https://dailymed.nhttps://link.springer.com/article/10.1007/s12192-021-01223-3lm.nih.gov/dailymed/drugInfo.cfm?setid=acbce0e8-5098-4785-943b-8bdb5ff17fab> .

[]
  a ns0:Association ;
  rdf:object <http://identifiers.org/umls/C1167395> ;
  rdf:predicate ns0:located_in ;
  rdf:subject <http://purl.obolibrary.org/obo/CL_0000000> ;
  ns0:aggregator_knowledge_source <https://w3id.org/biolink/infores/knowledge-collaboratory> ;
  ns0:category "biolink:Association"^^xsd:string ;
  ns0:id "collaboratory:CL:0000000-biolink:located_in-UMLS:C1167395"^^xsd:string ;
  ns0:publications <https://dailymed.nhttps://link.springer.com/article/10.1007/s12192-021-01223-3lm.nih.gov/dailymed/drugInfo.cfm?setid=acbce0e8-5098-4785-943b-8bdb5ff17fab> .

[]
  a ns0:Association ;
  rdf:object <http://purl.obolibrary.org/obo/NCBITaxon_9606> ;
  rdf:predicate ns0:located_in ;
  rdf:subject <http://identifiers.org/umls/C1167395> ;
  ns0:aggregator_knowledge_source <https://w3id.org/biolink/infores/knowledge-collaboratory> ;
  ns0:category "biolink:Association"^^xsd:string ;
  ns0:id "collaboratory:UMLS:C1167395-biolink:located_in-NCBITaxon:9606"^^xsd:string ;
  ns0:publications <https://dailymed.nhttps://link.springer.com/article/10.1007/s12192-021-01223-3lm.nih.gov/dailymed/drugInfo.cfm?setid=acbce0e8-5098-4785-943b-8bdb5ff17fab> .

[]
  a ns0:Association ;
  rdf:object <http://identifiers.org/umls/C1383501> ;
  rdf:predicate ns0:subcellular_location ;
  rdf:subject <http://identifiers.org/uniprot/Q5EBG6> ;
  ns0:aggregator_knowledge_source <https://w3id.org/biolink/infores/knowledge-collaboratory> ;
  ns0:category "biolink:Association"^^xsd:string ;
  ns0:id "collaboratory:UniProtKB:Q5EBG6-biolink:subcellular_location-UMLS:C1383501"^^xsd:string ;
  ns0:publications <https://dailymed.nhttps://link.springer.com/article/10.1007/s12192-021-01223-3lm.nih.gov/dailymed/drugInfo.cfm?setid=acbce0e8-5098-4785-943b-8bdb5ff17fab> .