@prefix ns0: <https://w3id.org/biolink/vocab/> .
@prefix xsd: <http://www.w3.org/2001/XMLSchema#> .
@prefix rdfs: <http://www.w3.org/2000/01/rdf-schema#> .
@prefix rdf: <http://www.w3.org/1999/02/22-rdf-syntax-ns#> .

<https://w3id.org/biolink/infores/knowledge-collaboratory>
  a <https://w3id.org/biolink/vocab/InformationResource> ;
  ns0:category "biolink:InformationResource"^^xsd:string ;
  ns0:id "infores:knowledge-collaboratory"^^xsd:string .

<https://www.cancer.gov/publications/dictionaries/cancer-terms/def/cell>
  a ns0:Publication ;
  ns0:category "biolink:Publication"^^xsd:string ;
  ns0:id "https://www.cancer.gov/publications/dictionaries/cancer-terms/def/cell"^^xsd:string .

<http://identifiers.org/umls/C0025255>
  a ns0:GeneProduct ;
  rdfs:label "Membrane"^^xsd:string ;
  ns0:category "biolink:GeneProduct"^^xsd:string ;
  ns0:id "UMLS:C0025255"^^xsd:string .

<http://purl.obolibrary.org/obo/CL_0000000>
  a ns0:OrganismTaxon ;
  rdfs:label "Cell"^^xsd:string ;
  ns0:category "biolink:OrganismTaxon"^^xsd:string ;
  ns0:id "CL:0000000"^^xsd:string .

<http://id.nlm.nih.gov/mesh/D002467>
  a ns0:GeneProduct ;
  rdfs:label "Nucleus"^^xsd:string ;
  ns0:category "biolink:GeneProduct"^^xsd:string ;
  ns0:id "MESH:D002467"^^xsd:string .

<http://id.nlm.nih.gov/mesh/D003593>
  a ns0:GeneProduct ;
  rdfs:label "Cytoplasm"^^xsd:string ;
  ns0:category "biolink:GeneProduct"^^xsd:string ;
  ns0:id "MESH:D003593"^^xsd:string .

<http://id.nlm.nih.gov/mesh/D002466>
  a ns0:GeneProduct ;
  rdfs:label "Nucleolus"^^xsd:string ;
  ns0:category "biolink:GeneProduct"^^xsd:string ;
  ns0:id "MESH:D002466"^^xsd:string .

<http://identifiers.org/pubchem.compound/44135672>
  a ns0:ChemicalEntity ;
  rdfs:label "DNA"^^xsd:string ;
  ns0:category "biolink:ChemicalEntity"^^xsd:string ;
  ns0:id "PUBCHEM.COMPOUND:44135672"^^xsd:string .

<http://identifiers.org/uniprot/P21338>
  a ns0:ChemicalEntity ;
  rdfs:label "RNA"^^xsd:string ;
  ns0:category "biolink:ChemicalEntity"^^xsd:string ;
  ns0:id "UniProtKB:P21338"^^xsd:string .

[]
  a ns0:Association ;
  rdf:object <http://identifiers.org/umls/C0025255> ;
  rdf:predicate ns0:contains_process ;
  rdf:subject <http://purl.obolibrary.org/obo/CL_0000000> ;
  ns0:aggregator_knowledge_source <https://w3id.org/biolink/infores/knowledge-collaboratory> ;
  ns0:category "biolink:Association"^^xsd:string ;
  ns0:id "collaboratory:CL:0000000-biolink:contains_process-UMLS:C0025255"^^xsd:string ;
  ns0:publications <https://www.cancer.gov/publications/dictionaries/cancer-terms/def/cell> .

[]
  a ns0:Association ;
  rdf:object <http://id.nlm.nih.gov/mesh/D002467> ;
  rdf:predicate ns0:contains_process ;
  rdf:subject <http://purl.obolibrary.org/obo/CL_0000000> ;
  ns0:aggregator_knowledge_source <https://w3id.org/biolink/infores/knowledge-collaboratory> ;
  ns0:category "biolink:Association"^^xsd:string ;
  ns0:id "collaboratory:CL:0000000-biolink:contains_process-MESH:D002467"^^xsd:string ;
  ns0:publications <https://www.cancer.gov/publications/dictionaries/cancer-terms/def/cell> .

[]
  a ns0:Association ;
  rdf:object <http://id.nlm.nih.gov/mesh/D003593> ;
  rdf:predicate ns0:contains_process ;
  rdf:subject <http://purl.obolibrary.org/obo/CL_0000000> ;
  ns0:aggregator_knowledge_source <https://w3id.org/biolink/infores/knowledge-collaboratory> ;
  ns0:category "biolink:Association"^^xsd:string ;
  ns0:id "collaboratory:CL:0000000-biolink:contains_process-MESH:D003593"^^xsd:string ;
  ns0:publications <https://www.cancer.gov/publications/dictionaries/cancer-terms/def/cell> .

[]
  a ns0:Association ;
  rdf:object <http://id.nlm.nih.gov/mesh/D002467> ;
  rdf:predicate ns0:is_located_in ;
  rdf:subject <http://id.nlm.nih.gov/mesh/D002466> ;
  ns0:aggregator_knowledge_source <https://w3id.org/biolink/infores/knowledge-collaboratory> ;
  ns0:category "biolink:Association"^^xsd:string ;
  ns0:id "collaboratory:MESH:D002466-biolink:is_located_in-MESH:D002467"^^xsd:string ;
  ns0:publications <https://www.cancer.gov/publications/dictionaries/cancer-terms/def/cell> .

[]
  a ns0:Association ;
  rdf:object <http://id.nlm.nih.gov/mesh/D002466> ;
  rdf:predicate ns0:contains_process ;
  rdf:subject <http://purl.obolibrary.org/obo/CL_0000000> ;
  ns0:aggregator_knowledge_source <https://w3id.org/biolink/infores/knowledge-collaboratory> ;
  ns0:category "biolink:Association"^^xsd:string ;
  ns0:id "collaboratory:CL:0000000-biolink:contains_process-MESH:D002466"^^xsd:string ;
  ns0:publications <https://www.cancer.gov/publications/dictionaries/cancer-terms/def/cell> .

[]
  a ns0:Association ;
  rdf:object <http://id.nlm.nih.gov/mesh/D002466> ;
  rdf:predicate ns0:located_in ;
  rdf:subject <http://identifiers.org/pubchem.compound/44135672> ;
  ns0:aggregator_knowledge_source <https://w3id.org/biolink/infores/knowledge-collaboratory> ;
  ns0:category "biolink:Association"^^xsd:string ;
  ns0:id "collaboratory:PUBCHEM.COMPOUND:44135672-biolink:located_in-MESH:D002466"^^xsd:string ;
  ns0:publications <https://www.cancer.gov/publications/dictionaries/cancer-terms/def/cell> .

[]
  a ns0:Association ;
  rdf:object <http://identifiers.org/uniprot/P21338> ;
  rdf:predicate ns0:transcribed_from ;
  rdf:subject <http://identifiers.org/pubchem.compound/44135672> ;
  ns0:aggregator_knowledge_source <https://w3id.org/biolink/infores/knowledge-collaboratory> ;
  ns0:category "biolink:Association"^^xsd:string ;
  ns0:id "collaboratory:PUBCHEM.COMPOUND:44135672-biolink:transcribed_from-UniProtKB:P21338"^^xsd:string ;
  ns0:publications <https://www.cancer.gov/publications/dictionaries/cancer-terms/def/cell> .