@prefix ns0: <https://w3id.org/biolink/vocab/> .
@prefix xsd: <http://www.w3.org/2001/XMLSchema#> .
@prefix rdfs: <http://www.w3.org/2000/01/rdf-schema#> .
@prefix rdf: <http://www.w3.org/1999/02/22-rdf-syntax-ns#> .

<https://w3id.org/biolink/infores/knowledge-collaboratory>
  a <https://w3id.org/biolink/vocab/InformationResource> ;
  ns0:category "biolink:InformationResource"^^xsd:string ;
  ns0:id "infores:knowledge-collaboratory"^^xsd:string .

<https://www.ncbi.nlm.nih.gov/pmc/articles/PMC4227801/>
  a ns0:Publication ;
  ns0:category "biolink:Publication"^^xsd:string ;
  ns0:id "https://www.ncbi.nlm.nih.gov/pmc/articles/PMC4227801/"^^xsd:string .

<http://identifiers.org/uniprot/Q38833>
  a ns0:ChemicalEntity ;
  rdfs:label "G4"^^xsd:string ;
  ns0:category "biolink:ChemicalEntity"^^xsd:string ;
  ns0:id "UniProtKB:Q38833"^^xsd:string .

<http://purl.obolibrary.org/obo/NCIT_C13725>
  a ns0:ChemicalEntity ;
  rdfs:label "G-quadruplex"^^xsd:string, "G-tetrads"^^xsd:string ;
  ns0:category "biolink:ChemicalEntity"^^xsd:string ;
  ns0:id "NCIT:C13725"^^xsd:string .

<http://id.nlm.nih.gov/mesh/C105609>
  a ns0:ChemicalEntity ;
  rdfs:label "Grich"^^xsd:string ;
  ns0:category "biolink:ChemicalEntity"^^xsd:string ;
  ns0:id "MESH:C105609"^^xsd:string .

<http://id.nlm.nih.gov/mesh/D012045>
  a ns0:GeneProduct ;
  rdfs:label "nucleic acid sequences"^^xsd:string ;
  ns0:category "biolink:GeneProduct"^^xsd:string ;
  ns0:id "MESH:D012045"^^xsd:string .

<http://identifiers.org/pubchem.compound/44135672>
  a ns0:GeneProduct ;
  rdfs:label "DNA"^^xsd:string ;
  ns0:category "biolink:GeneProduct"^^xsd:string ;
  ns0:id "PUBCHEM.COMPOUND:44135672"^^xsd:string .

<http://identifiers.org/uniprot/P21338>
  a ns0:GeneProduct ;
  rdfs:label "RNA"^^xsd:string ;
  ns0:category "biolink:GeneProduct"^^xsd:string ;
  ns0:id "UniProtKB:P21338"^^xsd:string .

<http://purl.obolibrary.org/obo/UBERON_0001555>
  a ns0:Gene ;
  rdfs:label "G-tracts"^^xsd:string ;
  ns0:category "biolink:Gene"^^xsd:string ;
  ns0:id "UBERON:0001555"^^xsd:string .

<http://identifiers.org/umls/C0319157>
  a ns0:OrganismTaxon ;
  rdfs:label "virus"^^xsd:string ;
  ns0:category "biolink:OrganismTaxon"^^xsd:string ;
  ns0:id "UMLS:C0319157"^^xsd:string .

<http://purl.obolibrary.org/obo/NCBITaxon_11676>
  a ns0:OrganismTaxon ;
  rdfs:label "HIV-1"^^xsd:string ;
  ns0:category "biolink:OrganismTaxon"^^xsd:string ;
  ns0:id "NCBITaxon:11676"^^xsd:string .

<http://purl.obolibrary.org/obo/NCIT_C13202>
  a ns0:GeneProduct ;
  rdfs:label "chromosome"^^xsd:string ;
  ns0:category "biolink:GeneProduct"^^xsd:string ;
  ns0:id "NCIT:C13202"^^xsd:string .

<http://id.nlm.nih.gov/mesh/D002467>
  a ns0:OrganismTaxon ;
  rdfs:label "nucleus"^^xsd:string ;
  ns0:category "biolink:OrganismTaxon"^^xsd:string ;
  ns0:id "MESH:D002467"^^xsd:string .

<http://identifiers.org/umls/C1167395>
  a ns0:OrganismTaxon ;
  rdfs:label "host"^^xsd:string ;
  ns0:category "biolink:OrganismTaxon"^^xsd:string ;
  ns0:id "UMLS:C1167395"^^xsd:string .

<http://identifiers.org/umls/C0017428>
  a ns0:GeneProduct ;
  rdfs:label "genome"^^xsd:string ;
  ns0:category "biolink:GeneProduct"^^xsd:string ;
  ns0:id "UMLS:C0017428"^^xsd:string .

<http://identifiers.org/pubchem.compound/51346143>
  a ns0:ChemicalEntity ;
  rdfs:label "guanines"^^xsd:string ;
  ns0:category "biolink:ChemicalEntity"^^xsd:string ;
  ns0:id "PUBCHEM.COMPOUND:51346143"^^xsd:string .

<http://identifiers.org/hmdb/HMDB0255955>
  a ns0:GeneProduct ;
  rdfs:label "oligonucleotides"^^xsd:string ;
  ns0:category "biolink:GeneProduct"^^xsd:string ;
  ns0:id "HMDB:HMDB0255955"^^xsd:string .

<http://identifiers.org/umls/C3549000>
  a ns0:GeneProduct ;
  rdfs:label "linkers"^^xsd:string ;
  ns0:category "biolink:GeneProduct"^^xsd:string ;
  ns0:id "UMLS:C3549000"^^xsd:string .

<http://identifiers.org/umls/C0181687>
  a ns0:GeneProduct ;
  rdfs:label "loops"^^xsd:string ;
  ns0:category "biolink:GeneProduct"^^xsd:string ;
  ns0:id "UMLS:C0181687"^^xsd:string .

[]
  a ns0:Association ;
  rdf:object <http://identifiers.org/uniprot/Q38833> ;
  rdf:predicate ns0:has_name ;
  rdf:subject <http://purl.obolibrary.org/obo/NCIT_C13725> ;
  ns0:aggregator_knowledge_source <https://w3id.org/biolink/infores/knowledge-collaboratory> ;
  ns0:category "biolink:Association"^^xsd:string ;
  ns0:id "collaboratory:NCIT:C13725-biolink:has_name-UniProtKB:Q38833"^^xsd:string ;
  ns0:publications <https://www.ncbi.nlm.nih.gov/pmc/articles/PMC4227801/> .

[]
  a ns0:Association ;
  rdf:object <http://id.nlm.nih.gov/mesh/C105609> ;
  rdf:predicate ns0:has_name ;
  rdf:subject <http://identifiers.org/uniprot/Q38833> ;
  ns0:aggregator_knowledge_source <https://w3id.org/biolink/infores/knowledge-collaboratory> ;
  ns0:category "biolink:Association"^^xsd:string ;
  ns0:id "collaboratory:UniProtKB:Q38833-biolink:has_name-MESH:C105609"^^xsd:string ;
  ns0:publications <https://www.ncbi.nlm.nih.gov/pmc/articles/PMC4227801/> .

[]
  a ns0:Association ;
  rdf:object <http://id.nlm.nih.gov/mesh/D012045> ;
  rdf:predicate ns0:is_formed_by ;
  rdf:subject <http://identifiers.org/uniprot/Q38833> ;
  ns0:aggregator_knowledge_source <https://w3id.org/biolink/infores/knowledge-collaboratory> ;
  ns0:category "biolink:Association"^^xsd:string ;
  ns0:id "collaboratory:UniProtKB:Q38833-biolink:is_formed_by-MESH:D012045"^^xsd:string ;
  ns0:publications <https://www.ncbi.nlm.nih.gov/pmc/articles/PMC4227801/> .

[]
  a ns0:Association ;
  rdf:object <http://identifiers.org/pubchem.compound/44135672> ;
  rdf:predicate ns0:make ;
  rdf:subject <http://id.nlm.nih.gov/mesh/D012045> ;
  ns0:aggregator_knowledge_source <https://w3id.org/biolink/infores/knowledge-collaboratory> ;
  ns0:category "biolink:Association"^^xsd:string ;
  ns0:id "collaboratory:MESH:D012045-biolink:make-PUBCHEM.COMPOUND:44135672"^^xsd:string ;
  ns0:publications <https://www.ncbi.nlm.nih.gov/pmc/articles/PMC4227801/> .

[]
  a ns0:Association ;
  rdf:object <http://identifiers.org/uniprot/P21338> ;
  rdf:predicate ns0:make ;
  rdf:subject <http://id.nlm.nih.gov/mesh/D012045> ;
  ns0:aggregator_knowledge_source <https://w3id.org/biolink/infores/knowledge-collaboratory> ;
  ns0:category "biolink:Association"^^xsd:string ;
  ns0:id "collaboratory:MESH:D012045-biolink:make-UniProtKB:P21338"^^xsd:string ;
  ns0:publications <https://www.ncbi.nlm.nih.gov/pmc/articles/PMC4227801/> .