@prefix ns0: <https://w3id.org/biolink/vocab/> .
@prefix xsd: <http://www.w3.org/2001/XMLSchema#> .
@prefix rdfs: <http://www.w3.org/2000/01/rdf-schema#> .
@prefix rdf: <http://www.w3.org/1999/02/22-rdf-syntax-ns#> .

<https://w3id.org/biolink/infores/knowledge-collaboratory>
  a <https://w3id.org/biolink/vocab/InformationResource> ;
  ns0:category "biolink:InformationResource"^^xsd:string ;
  ns0:id "infores:knowledge-collaboratory"^^xsd:string .

<http://purl.obolibrary.org/obo/NCBITaxon_12721>
  a ns0:Disease ;
  rdfs:label "HIV"^^xsd:string, "human immunodeficiency virus"^^xsd:string ;
  ns0:category "biolink:Disease"^^xsd:string ;
  ns0:id "NCBITaxon:12721"^^xsd:string .

<http://identifiers.org/umls/C0319157>
  a ns0:OrganismTaxon ;
  rdfs:label "virus"^^xsd:string ;
  ns0:category "biolink:OrganismTaxon"^^xsd:string ;
  ns0:id "UMLS:C0319157"^^xsd:string .

<http://purl.obolibrary.org/obo/NCBITaxon_11676>
  a ns0:OrganismTaxon ;
  rdfs:label "HIV-1"^^xsd:string ;
  ns0:category "biolink:OrganismTaxon"^^xsd:string ;
  ns0:id "NCBITaxon:11676"^^xsd:string .

<http://identifiers.org/uniprot/P21338>
  a ns0:ChemicalEntity ;
  rdfs:label "RNA"^^xsd:string ;
  ns0:category "biolink:ChemicalEntity"^^xsd:string ;
  ns0:id "UniProtKB:P21338"^^xsd:string .

[]
  a ns0:Association ;
  rdf:object <http://purl.obolibrary.org/obo/NCBITaxon_12721> ;
  rdf:predicate ns0:causes ;
  rdf:subject <http://purl.obolibrary.org/obo/NCBITaxon_12721> ;
  ns0:aggregator_knowledge_source <https://w3id.org/biolink/infores/knowledge-collaboratory> ;
  ns0:category "biolink:Association"^^xsd:string ;
  ns0:id "collaboratory:NCBITaxon:12721-biolink:causes-NCBITaxon:12721"^^xsd:string .

[]
  a ns0:Association ;
  rdf:object <http://identifiers.org/umls/C0319157> ;
  rdf:predicate ns0:is_a ;
  rdf:subject <http://purl.obolibrary.org/obo/NCBITaxon_12721> ;
  ns0:aggregator_knowledge_source <https://w3id.org/biolink/infores/knowledge-collaboratory> ;
  ns0:category "biolink:Association"^^xsd:string ;
  ns0:id "collaboratory:NCBITaxon:12721-biolink:is_a-UMLS:C0319157"^^xsd:string .

[]
  a ns0:Association ;
  rdf:object <http://purl.obolibrary.org/obo/NCBITaxon_12721> ;
  rdf:predicate ns0:has_name ;
  rdf:subject <http://purl.obolibrary.org/obo/NCBITaxon_11676> ;
  ns0:aggregator_knowledge_source <https://w3id.org/biolink/infores/knowledge-collaboratory> ;
  ns0:category "biolink:Association"^^xsd:string ;
  ns0:id "collaboratory:NCBITaxon:11676-biolink:has_name-NCBITaxon:12721"^^xsd:string .

[]
  a ns0:Association ;
  rdf:object <http://identifiers.org/uniprot/P21338> ;
  rdf:predicate ns0:is ;
  rdf:subject <http://purl.obolibrary.org/obo/NCBITaxon_12721> ;
  ns0:aggregator_knowledge_source <https://w3id.org/biolink/infores/knowledge-collaboratory> ;
  ns0:category "biolink:Association"^^xsd:string ;
  ns0:id "collaboratory:NCBITaxon:12721-biolink:is-UniProtKB:P21338"^^xsd:string .