Gene name,Other names,Cellular location,Subcellular location,Length (a.a.),Mass (kDa),
sHSPs/HSPB,,,,,,
HSPB1,"HSP27, HSP28",Intracellular,"Plasma membrane, cytosol",205,23,"HSPB1 has names HSP27, HSP28. HSPB1 is located in Intracellular. HSPB1 subcellular location is Plasma membrane, cytosol. HSPB1 has length 205 (a.a.). HSPB1 has mass 23 (kDA). "
HSPB2,"MXBP, HSP27, DMPK-binding protein, and Hs.78846",Intracellular,Not known,182,20,"HSPB2 has names MXBP, HSP27, DMPK-binding protein, and Hs.78846. HSPB2 is located in Intracellular. HSPB2 subcellular location is Not known. HSPB2 has length 182 (a.a.). HSPB2 has mass 20 (kDA). "
HSPB3,"HSPL27, HSP 17, HSP27, and DHMN2C",Intracellular,Nuclear speckles,150,17,"HSPB3 has names HSPL27, HSP 17, HSP27, and DHMN2C. HSPB3 is located in Intracellular. HSPB3 subcellular location is Nuclear speckles. HSPB3 has length 150 (a.a.). HSPB3 has mass 17 (kDA). "
HSPB4,"Crystallin alpha A, CRYA1, and CRYAA",Intracellular,Cytosol and additionally in nucleoplasm,173,20,"HSPB4 has names Crystallin alpha A, CRYA1, and CRYAA. HSPB4 is located in Intracellular. HSPB4 subcellular location is Cytosol and additionally in nucleoplasm. HSPB4 has length 173 (a.a.). HSPB4 has mass 20 (kDA). "
HSPB5,"Crystallin alpha B, CRYA2, and CRYAB","Intracellular, Membrane","Plasma member, cytosol",175,20,"HSPB5 has names Crystallin alpha B, CRYA2, and CRYAB. HSPB5 is located in Intracellular, Membrane. HSPB5 subcellular location is Plasma member, cytosol. HSPB5 has length 175 (a.a.). HSPB5 has mass 20 (kDA). "
HSPB6,"PPP1R91, FLJ32389, and HSP20",Intracellular,"Cytosol and additionally in nucleoli, Golgi apparatus",160,17,"HSPB6 has names PPP1R91, FLJ32389, and HSP20. HSPB6 is located in Intracellular. HSPB6 subcellular location is Cytosol and additionally in nucleoli, Golgi apparatus. HSPB6 has length 160 (a.a.). HSPB6 has mass 17 (kDA). "
HSPB7,CvHSP,Intracellular,Nucleoplasm,170,19,HSPB7 has names CvHSP. HSPB7 is located in Intracellular. HSPB7 subcellular location is Nucleoplasm. HSPB7 has length 170 (a.a.). HSPB7 has mass 19 (kDA). 
HSPB8,"CRYAC, E2IG1, HSP22, PP1629, and CMT2L",Intracellular,"Cytosol and additionally in nucleoplasm, nuclear bodies",196,22,"HSPB8 has names CRYAC, E2IG1, HSP22, PP1629, and CMT2L. HSPB8 is located in Intracellular. HSPB8 subcellular location is Cytosol and additionally in nucleoplasm, nuclear bodies. HSPB8 has length 196 (a.a.). HSPB8 has mass 22 (kDA). "
HSPB9,CT51,Intracellular,Not known,159,17,HSPB9 has names CT51. HSPB9 is located in Intracellular. HSPB9 subcellular location is Not known. HSPB9 has length 159 (a.a.). HSPB9 has mass 17 (kDA). 
HSPB10,"ODF1, CT133, ODF27, ODFPG, and ODFP",Intracellular,Not known,250,28,"HSPB10 has names ODF1, CT133, ODF27, ODFPG, and ODFP. HSPB10 is located in Intracellular. HSPB10 subcellular location is Not known. HSPB10 has length 250 (a.a.). HSPB10 has mass 28 (kDA). "
HSPB11,"IFT25, PP25, C1orf41, and HSPCO34",Intracellular,Nucleoplasm and additionally in cytosol,144,16,"HSPB11 has names IFT25, PP25, C1orf41, and HSPCO34. HSPB11 is located in Intracellular. HSPB11 subcellular location is Nucleoplasm and additionally in cytosol. HSPB11 has length 144 (a.a.). HSPB11 has mass 16 (kDA). "
HSP40/DNAJ,,,,,,HSP40/DNAJ has names . HSP40/DNAJ is located in . HSP40/DNAJ subcellular location is . HSP40/DNAJ has length  (a.a.). HSP40/DNAJ has mass  (kDA). 
DNAJA1,"dj-2, hdj-2, HSJ2, HSPF4, NEDD7",Intracellular,Cytosol and additionally in microtubules,397,44.9,"DNAJA1 has names dj-2, hdj-2, HSJ2, HSPF4, NEDD7. DNAJA1 is located in Intracellular. DNAJA1 subcellular location is Cytosol and additionally in microtubules. DNAJA1 has length 397 (a.a.). DNAJA1 has mass 44.9 (kDA). "
DNAJA2,"CPR3, DNAJ, DNJ3, HIRIP4",Intracellular,"Nucleoli, cytosol and additionally in intermediate filaments",412,45.7,"DNAJA2 has names CPR3, DNAJ, DNJ3, HIRIP4. DNAJA2 is located in Intracellular. DNAJA2 subcellular location is Nucleoli, cytosol and additionally in intermediate filaments. DNAJA2 has length 412 (a.a.). DNAJA2 has mass 45.7 (kDA). "
DNAJA3,"hTid-1, TID1",Intracellular,Mitochondria and additionally in vesicles,480,52.5,"DNAJA3 has names hTid-1, TID1. DNAJA3 is located in Intracellular. DNAJA3 subcellular location is Mitochondria and additionally in vesicles. DNAJA3 has length 480 (a.a.). DNAJA3 has mass 52.5 (kDA). "
DNAJA4,PRO1472,Intracellular,"Plasma membrane, cytosol",397,44.8,"DNAJA4 has names PRO1472. DNAJA4 is located in Intracellular. DNAJA4 subcellular location is Plasma membrane, cytosol. DNAJA4 has length 397 (a.a.). DNAJA4 has mass 44.8 (kDA). "
DNAJB1,"Hsp40, HSPF1, RSPH16B, Sis1,Hdj1",Intracellular,Nucleoplasm,340,38,"DNAJB1 has names Hsp40, HSPF1, RSPH16B, Sis1,Hdj1. DNAJB1 is located in Intracellular. DNAJB1 subcellular location is Nucleoplasm. DNAJB1 has length 340 (a.a.). DNAJB1 has mass 38 (kDA). "
DNAJB2,"CMT2T, HSJ1, HSPF3",Intracellular,Nuclear membrane,324,35.6,"DNAJB2 has names CMT2T, HSJ1, HSPF3. DNAJB2 is located in Intracellular. DNAJB2 subcellular location is Nuclear membrane. DNAJB2 has length 324 (a.a.). DNAJB2 has mass 35.6 (kDA). "
DNAJB3,HCG3,Not known,Not known,145,15.6,DNAJB3 has names HCG3. DNAJB3 is located in Not known. DNAJB3 subcellular location is Not known. DNAJB3 has length 145 (a.a.). DNAJB3 has mass 15.6 (kDA). 
DNAJB4,HLJ1,Intracellular,"Nucleoplasm and additionally in plasma membrane, cytosol",337,37.8,"DNAJB4 has names HLJ1. DNAJB4 is located in Intracellular. DNAJB4 subcellular location is Nucleoplasm and additionally in plasma membrane, cytosol. DNAJB4 has length 337 (a.a.). DNAJB4 has mass 37.8 (kDA). "
DNAJB5,Hsc40,Intracellular,Nucleoplasm and additionally in cytosol,348,39.1,DNAJB5 has names Hsc40. DNAJB5 is located in Intracellular. DNAJB5 subcellular location is Nucleoplasm and additionally in cytosol. DNAJB5 has length 348 (a.a.). DNAJB5 has mass 39.1 (kDA). 
DNAJB6,"LGMD1D, MRJ",Intracellular,Nucleoplasm and additionally in cytosol,326,36.1,"DNAJB6 has names LGMD1D, MRJ. DNAJB6 is located in Intracellular. DNAJB6 subcellular location is Nucleoplasm and additionally in cytosol. DNAJB6 has length 326 (a.a.). DNAJB6 has mass 36.1 (kDA). "
DNAJB7,HSC3,Intracellular,Not known,309,35.4,DNAJB7 has names HSC3. DNAJB7 is located in Intracellular. DNAJB7 subcellular location is Not known. DNAJB7 has length 309 (a.a.). DNAJB7 has mass 35.4 (kDA). 
DNAJB8,"CT156, MGC33884",Intracellular,Cytosol and nucleus,232,25.7,"DNAJB8 has names CT156, MGC33884. DNAJB8 is located in Intracellular. DNAJB8 subcellular location is Cytosol and nucleus. DNAJB8 has length 232 (a.a.). DNAJB8 has mass 25.7 (kDA). "
DNAJB9,MDG1,Intracellular,"Endoplasmic reticulum, cytosol",223,25.5,"DNAJB9 has names MDG1. DNAJB9 is located in Intracellular. DNAJB9 subcellular location is Endoplasmic reticulum, cytosol. DNAJB9 has length 223 (a.a.). DNAJB9 has mass 25.5 (kDA). "
DNAJB11,"EDJ, ERdj3, HEDJ",Intracellular,Endoplasmic reticulum,358,40.5,"DNAJB11 has names EDJ, ERdj3, HEDJ. DNAJB11 is located in Intracellular. DNAJB11 subcellular location is Endoplasmic reticulum. DNAJB11 has length 358 (a.a.). DNAJB11 has mass 40.5 (kDA). "
DNAJB12,"DJ10, FLJ20027",Membrane,Endoplasmic reticulum and additionally in nuclear membrane,409,45.5,"DNAJB12 has names DJ10, FLJ20027. DNAJB12 is located in Membrane. DNAJB12 subcellular location is Endoplasmic reticulum and additionally in nuclear membrane. DNAJB12 has length 409 (a.a.). DNAJB12 has mass 45.5 (kDA). "
DNAJB13,"RSPH16A, TSARG6",Intracellular,Plasma membrane,316,36.1,"DNAJB13 has names RSPH16A, TSARG6. DNAJB13 is located in Intracellular. DNAJB13 subcellular location is Plasma membrane. DNAJB13 has length 316 (a.a.). DNAJB13 has mass 36.1 (kDA). "
DNAJB14,FLJ14281,Intracellular,Endoplasmic reticulum and nuclear membrane,379,42.5,DNAJB14 has names FLJ14281. DNAJB14 is located in Intracellular. DNAJB14 subcellular location is Endoplasmic reticulum and nuclear membrane. DNAJB14 has length 379 (a.a.). DNAJB14 has mass 42.5 (kDA). 
DNAJC1,"DNAJL1, ERdj1, MTJ1",Membrane,Endoplasmic reticulum and nuclear membrane,554,63.9,"DNAJC1 has names DNAJL1, ERdj1, MTJ1. DNAJC1 is located in Membrane. DNAJC1 subcellular location is Endoplasmic reticulum and nuclear membrane. DNAJC1 has length 554 (a.a.). DNAJC1 has mass 63.9 (kDA). "
DNAJC2,"MPHOSPH11, MPP11, ZRF1, ZUO1, zuotin",Intracellular,Cytosol and nucleus,621,72,"DNAJC2 has names MPHOSPH11, MPP11, ZRF1, ZUO1, zuotin. DNAJC2 is located in Intracellular. DNAJC2 subcellular location is Cytosol and nucleus. DNAJC2 has length 621 (a.a.). DNAJC2 has mass 72 (kDA). "
DNAJC3,"ERdj6, HP58, P58, P58IPK, PRKRI",Intracellular,Endoplasmic reticulum,504,57.6,"DNAJC3 has names ERdj6, HP58, P58, P58IPK, PRKRI. DNAJC3 is located in Intracellular. DNAJC3 subcellular location is Endoplasmic reticulum. DNAJC3 has length 504 (a.a.). DNAJC3 has mass 57.6 (kDA). "
DNAJC4,"HSPF2, MCG18",Intracellular,Membrane,249,28.2,"DNAJC4 has names HSPF2, MCG18. DNAJC4 is located in Intracellular. DNAJC4 subcellular location is Membrane. DNAJC4 has length 249 (a.a.). DNAJC4 has mass 28.2 (kDA). "
DNAJC5,"CLN4, DNAJC5A, FLJ00118, FLJ13070",Membrane,"Golgi apparatus, plasma membrane and additionally in vesicles",198,22.1,"DNAJC5 has names CLN4, DNAJC5A, FLJ00118, FLJ13070. DNAJC5 is located in Membrane. DNAJC5 subcellular location is Golgi apparatus, plasma membrane and additionally in vesicles. DNAJC5 has length 198 (a.a.). DNAJC5 has mass 22.1 (kDA). "
DNAJC5B,"CSP-beta, MGC26226",Intracellular,Membrane,199,22.5,"DNAJC5B has names CSP-beta, MGC26226. DNAJC5B is located in Intracellular. DNAJC5B subcellular location is Membrane. DNAJC5B has length 199 (a.a.). DNAJC5B has mass 22.5 (kDA). "
DNAJC5G,"CSP-gamma, FLJ40417",Membrane,Membrane,189,21.4,"DNAJC5G has names CSP-gamma, FLJ40417. DNAJC5G is located in Membrane. DNAJC5G subcellular location is Membrane. DNAJC5G has length 189 (a.a.). DNAJC5G has mass 21.4 (kDA). "
DNAJC6,"KIAA0473, PARK19",Intracellular,"Cytosol and additionally in nucleoplasm, plasma membrane",970,105.7,"DNAJC6 has names KIAA0473, PARK19. DNAJC6 is located in Intracellular. DNAJC6 subcellular location is Cytosol and additionally in nucleoplasm, plasma membrane. DNAJC6 has length 970 (a.a.). DNAJC6 has mass 105.7 (kDA). "
DNAJC7,"TPR2, TTC2",Intracellular,Nucleoplasm and additionally in cytosol,494,56.4,"DNAJC7 has names TPR2, TTC2. DNAJC7 is located in Intracellular. DNAJC7 subcellular location is Nucleoplasm and additionally in cytosol. DNAJC7 has length 494 (a.a.). DNAJC7 has mass 56.4 (kDA). "
DNAJC8,SPF31,Intracellular,Nucleoplasm,253,29.8,DNAJC8 has names SPF31. DNAJC8 is located in Intracellular. DNAJC8 subcellular location is Nucleoplasm. DNAJC8 has length 253 (a.a.). DNAJC8 has mass 29.8 (kDA). 
DNAJC9,"JDD1, SB73",Intracellular,Nucleoplasm and additionally in plasma membrane,260,29.9,"DNAJC9 has names JDD1, SB73. DNAJC9 is located in Intracellular. DNAJC9 subcellular location is Nucleoplasm and additionally in plasma membrane. DNAJC9 has length 260 (a.a.). DNAJC9 has mass 29.9 (kDA). "
DNAJC10,"ERdj5, PDIA19",Membrane,Endoplasmic reticulum,793,91.1,"DNAJC10 has names ERdj5, PDIA19. DNAJC10 is located in Membrane. DNAJC10 subcellular location is Endoplasmic reticulum. DNAJC10 has length 793 (a.a.). DNAJC10 has mass 91.1 (kDA). "
DNAJC11,FLJ10737,Intracellular,Mitochondrial,559,63.3,DNAJC11 has names FLJ10737. DNAJC11 is located in Intracellular. DNAJC11 subcellular location is Mitochondrial. DNAJC11 has length 559 (a.a.). DNAJC11 has mass 63.3 (kDA). 
DNAJC12,JDP1,Intracellular,Cytosol,198,23.4,DNAJC12 has names JDP1. DNAJC12 is located in Intracellular. DNAJC12 subcellular location is Cytosol. DNAJC12 has length 198 (a.a.). DNAJC12 has mass 23.4 (kDA). 
DNAJC13,"KIAA0678, RME8",Membrane,Vesicles and additionally in cytosol,2243,254.4,"DNAJC13 has names KIAA0678, RME8. DNAJC13 is located in Membrane. DNAJC13 subcellular location is Vesicles and additionally in cytosol. DNAJC13 has length 2243 (a.a.). DNAJC13 has mass 254.4 (kDA). "
DNAJC14,"DNAJ, DRIP78, FLJ32792, HDJ3, LIP6",Intracellular,Endoplasmic reticulum membrane,702,78.6,"DNAJC14 has names DNAJ, DRIP78, FLJ32792, HDJ3, LIP6. DNAJC14 is located in Intracellular. DNAJC14 subcellular location is Endoplasmic reticulum membrane. DNAJC14 has length 702 (a.a.). DNAJC14 has mass 78.6 (kDA). "
DNAJC15,"DNAJD1, MCJ",Membrane,Mitochondrial membrane,150,16.4,"DNAJC15 has names DNAJD1, MCJ. DNAJC15 is located in Membrane. DNAJC15 subcellular location is Mitochondrial membrane. DNAJC15 has length 150 (a.a.). DNAJC15 has mass 16.4 (kDA). "
DNAJC16,KIAA0962,Membrane,Vesicles,782,90.6,DNAJC16 has names KIAA0962. DNAJC16 is located in Membrane. DNAJC16 subcellular location is Vesicles. DNAJC16 has length 782 (a.a.). DNAJC16 has mass 90.6 (kDA). 
DNAJC17,FLJ10634,Intracellular,Nucleoplasm,304,34.7,DNAJC17 has names FLJ10634. DNAJC17 is located in Intracellular. DNAJC17 subcellular location is Nucleoplasm. DNAJC17 has length 304 (a.a.). DNAJC17 has mass 34.7 (kDA). 
DNAJC18,MGC29463,Intracellular,Cell Junctions and additionally in cytosol,358,41.6,DNAJC18 has names MGC29463. DNAJC18 is located in Intracellular. DNAJC18 subcellular location is Cell Junctions and additionally in cytosol. DNAJC18 has length 358 (a.a.). DNAJC18 has mass 41.6 (kDA). 
DNAJC19,"Pam18, Tim14, TIMM14",Membrane,Mitochondrial membrane,116,12.5,"DNAJC19 has names Pam18, Tim14, TIMM14. DNAJC19 is located in Membrane. DNAJC19 subcellular location is Mitochondrial membrane. DNAJC19 has length 116 (a.a.). DNAJC19 has mass 12.5 (kDA). "
DNAJC20,"DNAJC20, HSC20, Jac1",Intracellular,"Nucleoplasm, mitochondria, cytosol",235,27.4,"DNAJC20 has names DNAJC20, HSC20, Jac1. DNAJC20 is located in Intracellular. DNAJC20 subcellular location is Nucleoplasm, mitochondria, cytosol. DNAJC20 has length 235 (a.a.). DNAJC20 has mass 27.4 (kDA). "
DNAJC21,"DNAJA5, GS3, JJJ1",Intracellular,"Nucleus, nucleoli, cytosol",576,67.1,"DNAJC21 has names DNAJA5, GS3, JJJ1. DNAJC21 is located in Intracellular. DNAJC21 subcellular location is Nucleus, nucleoli, cytosol. DNAJC21 has length 576 (a.a.). DNAJC21 has mass 67.1 (kDA). "
DNAJC22,"FLJ13236, wus",Membrane,Vesicles,341,38.1,"DNAJC22 has names FLJ13236, wus. DNAJC22 is located in Membrane. DNAJC22 subcellular location is Vesicles. DNAJC22 has length 341 (a.a.). DNAJC22 has mass 38.1 (kDA). "
DNAJC23,"SEC63, ERdj2, PRO2507, SEC63L",Membrane,Endoplasmic reticulum,760,88,"DNAJC23 has names SEC63, ERdj2, PRO2507, SEC63L. DNAJC23 is located in Membrane. DNAJC23 subcellular location is Endoplasmic reticulum. DNAJC23 has length 760 (a.a.). DNAJC23 has mass 88 (kDA). "
DNAJC24,"DPH4, JJJ3, ZCSL3",Intracellular,Cytosol,149,17.1,"DNAJC24 has names DPH4, JJJ3, ZCSL3. DNAJC24 is located in Intracellular. DNAJC24 subcellular location is Cytosol. DNAJC24 has length 149 (a.a.). DNAJC24 has mass 17.1 (kDA). "
DNAJC25,bA16L21.2.1,Membrane,Nucleoplasm and additionally in cytosol,360,42.4,DNAJC25 has names bA16L21.2.1. DNAJC25 is located in Membrane. DNAJC25 subcellular location is Nucleoplasm and additionally in cytosol. DNAJC25 has length 360 (a.a.). DNAJC25 has mass 42.4 (kDA). 
DNAJC26,GAK (cyclin G–associated kinase,Intracellular,Golgi apparatus and additionally in vesicles,1311,143.2,DNAJC26 has names GAK (cyclin G–associated kinase. DNAJC26 is located in Intracellular. DNAJC26 subcellular location is Golgi apparatus and additionally in vesicles. DNAJC26 has length 1311 (a.a.). DNAJC26 has mass 143.2 (kDA). 
DNAJC27,"RabJS, RBJ",Intracellular,Nucleoplasm and additionally in cytosol,273,30.9,"DNAJC27 has names RabJS, RBJ. DNAJC27 is located in Intracellular. DNAJC27 subcellular location is Nucleoplasm and additionally in cytosol. DNAJC27 has length 273 (a.a.). DNAJC27 has mass 30.9 (kDA). "
DNAJC28,"C21orf55, C21orf78",Intracellular,Golgi transport complex,388,45.8,"DNAJC28 has names C21orf55, C21orf78. DNAJC28 is located in Intracellular. DNAJC28 subcellular location is Golgi transport complex. DNAJC28 has length 388 (a.a.). DNAJC28 has mass 45.8 (kDA). "
DNAJC29,"SACS, ARSACS, DKFZp686B15167, KIAA0730, PPP1R138, SPAX6",Intracellular,Cytosol,4579,521.1,"DNAJC29 has names SACS, ARSACS, DKFZp686B15167, KIAA0730, PPP1R138, SPAX6. DNAJC29 is located in Intracellular. DNAJC29 subcellular location is Cytosol. DNAJC29 has length 4579 (a.a.). DNAJC29 has mass 521.1 (kDA). "
DNAJC30,WBSCR18,Membrane,Mitochondrial membrane,226,26,DNAJC30 has names WBSCR18. DNAJC30 is located in Membrane. DNAJC30 subcellular location is Mitochondrial membrane. DNAJC30 has length 226 (a.a.). DNAJC30 has mass 26 (kDA). 
Chaperonins/HSP60/HSPD,,,,,,Chaperonins/HSP60/HSPD has names . Chaperonins/HSP60/HSPD is located in . Chaperonins/HSP60/HSPD subcellular location is . Chaperonins/HSP60/HSPD has length  (a.a.). Chaperonins/HSP60/HSPD has mass  (kDA). 
HSPD1,"HLD4, CPN60, GROEL, HSP60, HSPD1, HSP65, SPG13, HSP-60, HuCHA60",Intracellular,Mitochondria,573,61,"HSPD1 has names HLD4, CPN60, GROEL, HSP60, HSPD1, HSP65, SPG13, HSP-60, HuCHA60. HSPD1 is located in Intracellular. HSPD1 subcellular location is Mitochondria. HSPD1 has length 573 (a.a.). HSPD1 has mass 61 (kDA). "
CCT1,"TCP1, CCTA, CCT-alpha, TCP-1-alpha, D6S230E",Intracellular,"Cytosol, centrosome",556,60,"CCT1 has names TCP1, CCTA, CCT-alpha, TCP-1-alpha, D6S230E. CCT1 is located in Intracellular. CCT1 subcellular location is Cytosol, centrosome. CCT1 has length 556 (a.a.). CCT1 has mass 60 (kDA). "
CCT2,"CCTB, CCT-beta, TCP-1-beta, HEL-S-100n, 99D8.1, PRO1633",Intracellular,Cytosol,535,57,"CCT2 has names CCTB, CCT-beta, TCP-1-beta, HEL-S-100n, 99D8.1, PRO1633. CCT2 is located in Intracellular. CCT2 subcellular location is Cytosol. CCT2 has length 535 (a.a.). CCT2 has mass 57 (kDA). "
CCT3,"CCTG, CCT-gamma, TCP-1-gamma, TRiC5, PIG48",Intracellular,"Plasma membrane, cytosol",545,61,"CCT3 has names CCTG, CCT-gamma, TCP-1-gamma, TRiC5, PIG48. CCT3 is located in Intracellular. CCT3 subcellular location is Plasma membrane, cytosol. CCT3 has length 545 (a.a.). CCT3 has mass 61 (kDA). "
CCT4,"CCTD, CCT-delta, TCP-1-delta, SRB",Intracellular,Cytosol and additionally in nucleoplasm,539,58,"CCT4 has names CCTD, CCT-delta, TCP-1-delta, SRB. CCT4 is located in Intracellular. CCT4 subcellular location is Cytosol and additionally in nucleoplasm. CCT4 has length 539 (a.a.). CCT4 has mass 58 (kDA). "
CCT5,"CCTE, CCT-epsilon, TCP-1-epsilon, KIAA0098, HEL-S-69, PNAS-102",Intracellular,Cytoplasm and cytoskeleton,541,60,"CCT5 has names CCTE, CCT-epsilon, TCP-1-epsilon, KIAA0098, HEL-S-69, PNAS-102. CCT5 is located in Intracellular. CCT5 subcellular location is Cytoplasm and cytoskeleton. CCT5 has length 541 (a.a.). CCT5 has mass 60 (kDA). "
CCT6A,"CCT6, CCTZ, CCT-zeta, CCT-zeta1, TCP-1-zeta, HTR3, TCP20, TTCP20",Intracellular,Cytosol,531,58,"CCT6A has names CCT6, CCTZ, CCT-zeta, CCT-zeta1, TCP-1-zeta, HTR3, TCP20, TTCP20. CCT6A is located in Intracellular. CCT6A subcellular location is Cytosol. CCT6A has length 531 (a.a.). CCT6A has mass 58 (kDA). "
CCT6B,"CCTZ2, CCT-zeta2, TSA303",Intracellular,Cytosol,530,58,"CCT6B has names CCTZ2, CCT-zeta2, TSA303. CCT6B is located in Intracellular. CCT6B subcellular location is Cytosol. CCT6B has length 530 (a.a.). CCT6B has mass 58 (kDA). "
CCT7,"CCTH, CCT-eta, TCP-1-eta, NIP7-1",Intracellular,Cytosol,543,59,"CCT7 has names CCTH, CCT-eta, TCP-1-eta, NIP7-1. CCT7 is located in Intracellular. CCT7 subcellular location is Cytosol. CCT7 has length 543 (a.a.). CCT7 has mass 59 (kDA). "
CCT8,"CCTQ, CCT-theta, TCP-1-theta, KIAA002, PRED71",Intracellular,"Intermediate filaments and additionally in cytosol, nucleoplasm",548,60,"CCT8 has names CCTQ, CCT-theta, TCP-1-theta, KIAA002, PRED71. CCT8 is located in Intracellular. CCT8 subcellular location is Intermediate filaments and additionally in cytosol, nucleoplasm. CCT8 has length 548 (a.a.). CCT8 has mass 60 (kDA). "
HSP70/HSPA,,,,,,HSP70/HSPA has names . HSP70/HSPA is located in . HSP70/HSPA subcellular location is . HSP70/HSPA has length  (a.a.). HSP70/HSPA has mass  (kDA). 
HSPA1A,"HSP70.1, HSP70-1, HSP72, HSPA1, HSX70",Intracellular,"Nucleoplasm, vesicles and additionally in cytosol",641,70,"HSPA1A has names HSP70.1, HSP70-1, HSP72, HSPA1, HSX70. HSPA1A is located in Intracellular. HSPA1A subcellular location is Nucleoplasm, vesicles and additionally in cytosol. HSPA1A has length 641 (a.a.). HSPA1A has mass 70 (kDA). "
HSPA1B,"HSP70.2, HSP70-2, HSP72, HSPA1, HSX70",Intracellular,"Nucleoplasm, vesicles and additionally in cytosol",641,70,"HSPA1B has names HSP70.2, HSP70-2, HSP72, HSPA1, HSX70. HSPA1B is located in Intracellular. HSPA1B subcellular location is Nucleoplasm, vesicles and additionally in cytosol. HSPA1B has length 641 (a.a.). HSPA1B has mass 70 (kDA). "
HSPA1L,"HSP70-HOM, Hum70t, HSP70-1L",Intracellular,Vesicles and additionally in nucleoplasm,641,70,"HSPA1L has names HSP70-HOM, Hum70t, HSP70-1L. HSPA1L is located in Intracellular. HSPA1L subcellular location is Vesicles and additionally in nucleoplasm. HSPA1L has length 641 (a.a.). HSPA1L has mass 70 (kDA). "
HSPA2,"HSP70-2, HSP70-3",Intracellular,Vesicles and additionally in nucleoplasm,639,70,"HSPA2 has names HSP70-2, HSP70-3. HSPA2 is located in Intracellular. HSPA2 subcellular location is Vesicles and additionally in nucleoplasm. HSPA2 has length 639 (a.a.). HSPA2 has mass 70 (kDA). "
HSPA5,"BiP, GRP78, MIF2",Intracellular,Cytosol,654,72,"HSPA5 has names BiP, GRP78, MIF2. HSPA5 is located in Intracellular. HSPA5 subcellular location is Cytosol. HSPA5 has length 654 (a.a.). HSPA5 has mass 72 (kDA). "
HSPA6,HSP70B',Intracellular,Vesicles and additionally in nucleoplasm,643,71,HSPA6 has names HSP70B'. HSPA6 is located in Intracellular. HSPA6 subcellular location is Vesicles and additionally in nucleoplasm. HSPA6 has length 643 (a.a.). HSPA6 has mass 71 (kDA). 
HSPA8,"HSC70, HSP73, HSC71, HSPA10",Intracellular,Nucleoplasm and additionally in vesicles,646,71,"HSPA8 has names HSC70, HSP73, HSC71, HSPA10. HSPA8 is located in Intracellular. HSPA8 subcellular location is Nucleoplasm and additionally in vesicles. HSPA8 has length 646 (a.a.). HSPA8 has mass 71 (kDA). "
HSPA9,"Mortalin, GRP75, mt-HSP70, HSPA9B",Intracellular,Mitochondria,679,74,"HSPA9 has names Mortalin, GRP75, mt-HSP70, HSPA9B. HSPA9 is located in Intracellular. HSPA9 subcellular location is Mitochondria. HSPA9 has length 679 (a.a.). HSPA9 has mass 74 (kDA). "
HSPA12A,KIAA0417,Intracellular,"Golgi apparatus, cytosol",675,75,"HSPA12A has names KIAA0417. HSPA12A is located in Intracellular. HSPA12A subcellular location is Golgi apparatus, cytosol. HSPA12A has length 675 (a.a.). HSPA12A has mass 75 (kDA). "
HSPA12B,C20orf60,Intracellular,Nucleoplasm,686,76,HSPA12B has names C20orf60. HSPA12B is located in Intracellular. HSPA12B subcellular location is Nucleoplasm. HSPA12B has length 686 (a.a.). HSPA12B has mass 76 (kDA). 
HSPA13,STCH,Intracellular,Microsomes,471,52,HSPA13 has names STCH. HSPA13 is located in Intracellular. HSPA13 subcellular location is Microsomes. HSPA13 has length 471 (a.a.). HSPA13 has mass 52 (kDA). 
HSPA14,"HSP70L1, HSP60, HSP70-4,",Intracellular,Not known,509,55,"HSPA14 has names HSP70L1, HSP60, HSP70-4,. HSPA14 is located in Intracellular. HSPA14 subcellular location is Not known. HSPA14 has length 509 (a.a.). HSPA14 has mass 55 (kDA). "
HSP90/HSPC,,,,,,HSP90/HSPC has names . HSP90/HSPC is located in . HSP90/HSPC subcellular location is . HSP90/HSPC has length  (a.a.). HSP90/HSPC has mass  (kDA). 
HSP90AA1,"LAP2, HSP86, HSPC1, HSPCA, HSP89A, HSP89, HSP90, HSP90A, HSP90-alpha, Renal Carcinoma Antigen NY-REN-38, EL52, FLJ31884",Intracellular,Cytosol,854,98,"HSP90AA1 has names LAP2, HSP86, HSPC1, HSPCA, HSP89A, HSP89, HSP90, HSP90A, HSP90-alpha, Renal Carcinoma Antigen NY-REN-38, EL52, FLJ31884. HSP90AA1 is located in Intracellular. HSP90AA1 subcellular location is Cytosol. HSP90AA1 has length 854 (a.a.). HSP90AA1 has mass 98 (kDA). "
HSP90AA2,"LAP2, HSP86, HSPC1, HSPCA, HSP89A, HSP89, HSP90, HSP90A, HSP90-alpha, Renal Carcinoma Antigen NY-REN-38, EL52,",Intracellular,Cytosol,732,85,"HSP90AA2 has names LAP2, HSP86, HSPC1, HSPCA, HSP89A, HSP89, HSP90, HSP90A, HSP90-alpha, Renal Carcinoma Antigen NY-REN-38, EL52,. HSP90AA2 is located in Intracellular. HSP90AA2 subcellular location is Cytosol. HSP90AA2 has length 732 (a.a.). HSP90AA2 has mass 85 (kDA). "
HSP90AB1,"HSPC2, HSPCB, D6S182, HSP90B, HSP90-beta, HSP84",Intracellular,Cytosol,724,83,"HSP90AB1 has names HSPC2, HSPCB, D6S182, HSP90B, HSP90-beta, HSP84. HSP90AB1 is located in Intracellular. HSP90AB1 subcellular location is Cytosol. HSP90AB1 has length 724 (a.a.). HSP90AB1 has mass 83 (kDA). "
HSP90B1,"ECGP, GP96, TRA1, GRP94, endoplasmin, HEL35, HEL-S-125m",Intracellular,Endoplasmic reticulum,803,92,"HSP90B1 has names ECGP, GP96, TRA1, GRP94, endoplasmin, HEL35, HEL-S-125m. HSP90B1 is located in Intracellular. HSP90B1 subcellular location is Endoplasmic reticulum. HSP90B1 has length 803 (a.a.). HSP90B1 has mass 92 (kDA). "
TRAP1,"HSP75, HSP90L",Intracellular,Mitochondria,704,80,"TRAP1 has names HSP75, HSP90L. TRAP1 is located in Intracellular. TRAP1 subcellular location is Mitochondria. TRAP1 has length 704 (a.a.). TRAP1 has mass 80 (kDA). "
HSP110/HSPH,,,,,,HSP110/HSPH has names . HSP110/HSPH is located in . HSP110/HSPH subcellular location is . HSP110/HSPH has length  (a.a.). HSP110/HSPH has mass  (kDA). 
HSPH1,"HSP110, HSP105A, HSP105B, KIAA0201, NY-CO-25",Intracellular,Cytosol and additionally in nucleoplasm,858,97,"HSPH1 has names HSP110, HSP105A, HSP105B, KIAA0201, NY-CO-25. HSPH1 is located in Intracellular. HSPH1 subcellular location is Cytosol and additionally in nucleoplasm. HSPH1 has length 858 (a.a.). HSPH1 has mass 97 (kDA). "
HSPH2,"HSPA4, APG2, HSP70RY",Intracellular,"Nucleoplasm, cytosol",840,94,"HSPH2 has names HSPA4, APG2, HSP70RY. HSPH2 is located in Intracellular. HSPH2 subcellular location is Nucleoplasm, cytosol. HSPH2 has length 840 (a.a.). HSPH2 has mass 94 (kDA). "
HSPH3,"HSPA4L, APG1, OSP94",Intracellular,"Centrosome, cytosol",839,95,"HSPH3 has names HSPA4L, APG1, OSP94. HSPH3 is located in Intracellular. HSPH3 subcellular location is Centrosome, cytosol. HSPH3 has length 839 (a.a.). HSPH3 has mass 95 (kDA). "
HSPH4,"HYOU1, GRP170, ORP150, HSP12A",Intracellular,Endoplasmic reticulum,999,111,"HSPH4 has names HYOU1, GRP170, ORP150, HSP12A. HSPH4 is located in Intracellular. HSPH4 subcellular location is Endoplasmic reticulum. HSPH4 has length 999 (a.a.). HSPH4 has mass 111 (kDA). "