{
    "@context": {
        "rdf": "http://www.w3.org/1999/02/22-rdf-syntax-ns#",
        "rdfs": "http://www.w3.org/2000/01/rdf-schema#",
        "biolink": "https://w3id.org/biolink/vocab/",
        "infores": "https://w3id.org/biolink/infores/",
        "dct": "http://purl.org/dc/terms/"
    },
    "@graph": [
        {
            "@id": "https://w3id.org/biolink/infores/knowledge-collaboratory",
            "@type": "biolink:InformationResource",
            "biolink:category": "biolink:InformationResource",
            "biolink:id": "infores:knowledge-collaboratory"
        }
    ],
    "@annotations": {
        "@context": {
            "tao": "http://pubannotation.org/ontology/tao.owl#",
            "rdfs": "http://www.w3.org/2000/01/rdf-schema#"
        },
        "@graph": [
            {
                "@id": "http://purl.org/nanopub/temp/np#document",
                "@type": "tao:document_text",
                "tao:has_value": "DNAJC4 has names HSPF2, MCG18. DNAJC4 is located in Intracellular. DNAJC4 subcellular location is Membrane. DNAJC4 has length 249 aa. DNAJC4 has mass 28.2 kDA.\nDNAJC5 has names CLN4, DNAJC5A, FLJ00118, FLJ13070. DNAJC5 is located in Membrane. DNAJC5 subcellular location is Golgi apparatus, plasma membrane and additionally in vesicles. DNAJC5 has length 198 aa. DNAJC5 has mass 22.1 kDA.\nDNAJC5B has names CSP-beta, MGC26226. DNAJC5B is located in Intracellular. DNAJC5B subcellular location is Membrane. DNAJC5B has length 199 aa. DNAJC5B has mass 22.5 kDA.\nDNAJC5G has names CSP-gamma, FLJ40417. DNAJC5G is located in Membrane. DNAJC5G subcellular location is Membrane. DNAJC5G has length 189 aa. DNAJC5G has mass 21.4 kDA.\nDNAJC6 has names KIAA0473, PARK19. DNAJC6 is located in Intracellular. DNAJC6 subcellular location is Cytosol and additionally in nucleoplasm, plasma membrane. DNAJC6 has length 970 aa. DNAJC6 has mass 105.7 kDA.\nDNAJC7 has names TPR2, TTC2. DNAJC7 is located in Intracellular. DNAJC7 subcellular location is Nucleoplasm and additionally in cytosol. DNAJC7 has length 494 aa. DNAJC7 has mass 56.4 kDA.\nDNAJC8 has names SPF31. DNAJC8 is located in Intracellular. DNAJC8 subcellular location is Nucleoplasm. DNAJC8 has length 253 aa. DNAJC8 has mass 29.8 kDA.\nDNAJC9 has names JDD1, SB73. DNAJC9 is located in Intracellular. DNAJC9 subcellular location is Nucleoplasm and additionally in plasma membrane. DNAJC9 has length 260 aa. DNAJC9 has mass 29.9 kDA.\nDNAJC10 has names ERdj5, PDIA19. DNAJC10 is located in Membrane. DNAJC10 subcellular location is Endoplasmic reticulum. DNAJC10 has length 793 aa. DNAJC10 has mass 91.1 kDA.\nDNAJC11 has names FLJ10737. DNAJC11 is located in Intracellular. DNAJC11 subcellular location is Mitochondrial. DNAJC11 has length 559 aa. DNAJC11 has mass 63.3 kDA.\nDNAJC12 has names JDP1. DNAJC12 is located in Intracellular. DNAJC12 subcellular location is Cytosol. DNAJC12 has length 198 aa. DNAJC12 has mass 23.4 kDA.\nDNAJC13 has names KIAA0678, RME8. DNAJC13 is located in Membrane. DNAJC13 subcellular location is Vesicles and additionally in cytosol. DNAJC13 has length 2243 aa. DNAJC13 has mass 254.4 kDA.\nDNAJC14 has names DNAJ, DRIP78, FLJ32792, HDJ3, LIP6. DNAJC14 is located in Intracellular. DNAJC14 subcellular location is Endoplasmic reticulum membrane. DNAJC14 has length 702 aa. DNAJC14 has mass 78.6 kDA.\nDNAJC15 has names DNAJD1, MCJ. DNAJC15 is located in Membrane. DNAJC15 subcellular location is Mitochondrial membrane. DNAJC15 has length 150 aa. DNAJC15 has mass 16.4 kDA.\nDNAJC16 has names KIAA0962. DNAJC16 is located in Membrane. DNAJC16 subcellular location is Vesicles. DNAJC16 has length 782 aa. DNAJC16 has mass 90.6 kDA.\nDNAJC17 has names FLJ10634. DNAJC17 is located in Intracellular. DNAJC17 subcellular location is Nucleoplasm. DNAJC17 has length 304 aa. DNAJC17 has mass 34.7 kDA.\nDNAJC18 has names MGC29463. DNAJC18 is located in Intracellular. DNAJC18 subcellular location is Cell Junctions and additionally in cytosol. DNAJC18 has length 358 aa. DNAJC18 has mass 41.6 kDA.\nDNAJC19 has names Pam18, Tim14, TIMM14. DNAJC19 is located in Membrane. DNAJC19 subcellular location is Mitochondrial membrane. DNAJC19 has length 116 aa. DNAJC19 has mass 12.5 kDA.\nDNAJC20 has names DNAJC20, HSC20, Jac1. DNAJC20 is located in Intracellular. DNAJC20 subcellular location is Nucleoplasm, mitochondria, cytosol. DNAJC20 has length 235 aa. DNAJC20 has mass 27.4 kDA.",
                "rdfs:seeAlso": {
                    "@id": "https://link.springer.com/article/10.1007/s12192-021-01223-3"
                }
            }
        ]
    }
}