{
    "@context": {
        "rdf": "http://www.w3.org/1999/02/22-rdf-syntax-ns#",
        "rdfs": "http://www.w3.org/2000/01/rdf-schema#",
        "biolink": "https://w3id.org/biolink/vocab/",
        "infores": "https://w3id.org/biolink/infores/",
        "dct": "http://purl.org/dc/terms/"
    },
    "@graph": [
        {
            "@id": "https://w3id.org/biolink/infores/knowledge-collaboratory",
            "@type": "biolink:InformationResource",
            "biolink:category": "biolink:InformationResource",
            "biolink:id": "infores:knowledge-collaboratory"
        }
    ],
    "@annotations": {
        "@context": {
            "tao": "http://pubannotation.org/ontology/tao.owl#",
            "rdfs": "http://www.w3.org/2000/01/rdf-schema#"
        },
        "@graph": [
            {
                "@id": "http://purl.org/nanopub/temp/np#document",
                "@type": "tao:document_text",
                "tao:has_value": "\nHSPA9 has names Mortalin, GRP75, mt-HSP70, HSPA9B. HSPA9 is located in Intracellular. HSPA9 subcellular location is Mitochondria. HSPA9 has length 679 aa. HSPA9 has mass 74 kDA.\nHSPA12A has names KIAA0417. HSPA12A is located in Intracellular. HSPA12A subcellular location is Golgi apparatus, cytosol. HSPA12A has length 675 aa. HSPA12A has mass 75 kDA.\nHSPA12B has names C20orf60. HSPA12B is located in Intracellular. HSPA12B subcellular location is Nucleoplasm. HSPA12B has length 686 aa. HSPA12B has mass 76 kDA.\nHSPA13 has names STCH. HSPA13 is located in Intracellular. HSPA13 subcellular location is Microsomes. HSPA13 has length 471 aa. HSPA13 has mass 52 kDA.\nHSPA14 has names HSP70L1, HSP60, HSP70-4,. HSPA14 is located in Intracellular. HSPA14 subcellular location is in cell.. HSPA14 has length 509 aa. HSPA14 has mass 55 kDA.\nHSP90/HSPC has names . HSP90/HSPC is located in . HSP90/HSPC subcellular location is . HSP90/HSPC has length aa. HSP90/HSPC has mass kDA.\nHSP90AA1 has names LAP2, HSP86, HSPC1, HSPCA, HSP89A, HSP89, HSP90, HSP90A, HSP90-alpha, Renal Carcinoma Antigen NY-REN-38, EL52, FLJ31884. HSP90AA1 is located in Intracellular. HSP90AA1 subcellular location is Cytosol. HSP90AA1 has length 854 aa. HSP90AA1 has mass 98 kDA.\nHSP90AA2 has names LAP2, HSP86, HSPC1, HSPCA, HSP89A, HSP89, HSP90, HSP90A, HSP90-alpha, Renal Carcinoma Antigen NY-REN-38, EL52,. HSP90AA2 is located in Intracellular. HSP90AA2 subcellular location is Cytosol. HSP90AA2 has length 732 aa. HSP90AA2 has mass 85 kDA.\nHSP90AB1 has names HSPC2, HSPCB, D6S182, HSP90B, HSP90-beta, HSP84. HSP90AB1 is located in Intracellular. HSP90AB1 subcellular location is Cytosol. HSP90AB1 has length 724 aa. HSP90AB1 has mass 83 kDA.\nHSP90B1 has names ECGP, GP96, TRA1, GRP94, endoplasmin, HEL35, HEL-S-125m. HSP90B1 is located in Intracellular. HSP90B1 subcellular location is Endoplasmic reticulum. HSP90B1 has length 803 aa. HSP90B1 has mass 92 kDA.\nTRAP1 has names HSP75, HSP90L. TRAP1 is located in Intracellular. TRAP1 subcellular location is Mitochondria. TRAP1 has length 704 aa. TRAP1 has mass 80 kDA.\nHSP110/HSPH has names . HSP110/HSPH is located in . HSP110/HSPH subcellular location is . HSP110/HSPH has length aa. HSP110/HSPH has mass kDA.\nHSPH1 has names HSP110, HSP105A, HSP105B, KIAA0201, NY-CO-25. HSPH1 is located in Intracellular. HSPH1 subcellular location is Cytosol and additionally in nucleoplasm. HSPH1 has length 858 aa. HSPH1 has mass 97 kDA.\nHSPH2 has names HSPA4, APG2, HSP70RY. HSPH2 is located in Intracellular. HSPH2 subcellular location is Nucleoplasm, cytosol. HSPH2 has length 840 aa. HSPH2 has mass 94 kDA.\nHSPH3 has names HSPA4L, APG1, OSP94. HSPH3 is located in Intracellular. HSPH3 subcellular location is Centrosome, cytosol. HSPH3 has length 839 aa. HSPH3 has mass 95 kDA.\nHSPH4 has names HYOU1, GRP170, ORP150, HSP12A. HSPH4 is located in Intracellular. HSPH4 subcellular location is Endoplasmic reticulum. HSPH4 has length 999 aa. HSPH4 has mass 111 kDA.",
                "rdfs:seeAlso": {
                    "@id": "https://link.springer.com/article/10.1007/s12192-021-01223-3"
                }
            }
        ]
    }
}