{
    "@context": {
        "rdf": "http://www.w3.org/1999/02/22-rdf-syntax-ns#",
        "rdfs": "http://www.w3.org/2000/01/rdf-schema#",
        "biolink": "https://w3id.org/biolink/vocab/",
        "infores": "https://w3id.org/biolink/infores/",
        "dct": "http://purl.org/dc/terms/"
    },
    "@graph": [
        {
            "@id": "https://w3id.org/biolink/infores/knowledge-collaboratory",
            "@type": "biolink:InformationResource",
            "biolink:category": "biolink:InformationResource",
            "biolink:id": "infores:knowledge-collaboratory"
        }
    ],
    "@annotations": {
        "@context": {
            "tao": "http://pubannotation.org/ontology/tao.owl#",
            "rdfs": "http://www.w3.org/2000/01/rdf-schema#"
        },
        "@graph": [
            {
                "@id": "http://purl.org/nanopub/temp/np#document",
                "@type": "tao:document_text",
                "tao:has_value": "CCT2 has names CCTB, CCT-beta, TCP-1-beta, HEL-S-100n, 99D8.1, PRO1633. CCT2 is located in Intracellular. CCT2 subcellular location is Cytosol. CCT2 has length 535 aa. CCT2 has mass 57 kDA.\nCCT3 has names CCTG, CCT-gamma, TCP-1-gamma, TRiC5, PIG48. CCT3 is located in Intracellular. CCT3 subcellular location is Plasma membrane, cytosol. CCT3 has length 545 aa. CCT3 has mass 61 kDA.\nCCT4 has names CCTD, CCT-delta, TCP-1-delta, SRB. CCT4 is located in Intracellular. CCT4 subcellular location is Cytosol and additionally in nucleoplasm. CCT4 has length 539 aa. CCT4 has mass 58 kDA.\nCCT5 has names CCTE, CCT-epsilon, TCP-1-epsilon, KIAA0098, HEL-S-69, PNAS-102. CCT5 is located in Intracellular. CCT5 subcellular location is Cytoplasm and cytoskeleton. CCT5 has length 541 aa. CCT5 has mass 60 kDA.\nCCT6A has names CCT6, CCTZ, CCT-zeta, CCT-zeta1, TCP-1-zeta, HTR3, TCP20, TTCP20. CCT6A is located in Intracellular. CCT6A subcellular location is Cytosol. CCT6A has length 531 aa. CCT6A has mass 58 kDA.\nCCT6B has names CCTZ2, CCT-zeta2, TSA303. CCT6B is located in Intracellular. CCT6B subcellular location is Cytosol. CCT6B has length 530 aa. CCT6B has mass 58 kDA.\nCCT7 has names CCTH, CCT-eta, TCP-1-eta, NIP7-1. CCT7 is located in Intracellular. CCT7 subcellular location is Cytosol. CCT7 has length 543 aa. CCT7 has mass 59 kDA.\nCCT8 has names CCTQ, CCT-theta, TCP-1-theta, KIAA002, PRED71. CCT8 is located in Intracellular. CCT8 subcellular location is Intermediate filaments and additionally in cytosol, nucleoplasm. CCT8 has length 548 aa. CCT8 has mass 60 kDA.\nHSP70/HSPA has names . HSP70/HSPA is located in . HSP70/HSPA subcellular location is . HSP70/HSPA has length aa. HSP70/HSPA has mass kDA.\nHSPA1A has names HSP70.1, HSP70-1, HSP72, HSPA1, HSX70. HSPA1A is located in Intracellular. HSPA1A subcellular location is Nucleoplasm, vesicles and additionally in cytosol. HSPA1A has length 641 aa. HSPA1A has mass 70 kDA.\nHSPA1B has names HSP70.2, HSP70-2, HSP72, HSPA1, HSX70. HSPA1B is located in Intracellular. HSPA1B subcellular location is Nucleoplasm, vesicles and additionally in cytosol. HSPA1B has length 641 aa. HSPA1B has mass 70 kDA.\nHSPA1L has names HSP70-HOM, Hum70t, HSP70-1L. HSPA1L is located in Intracellular. HSPA1L subcellular location is Vesicles and additionally in nucleoplasm. HSPA1L has length 641 aa. HSPA1L has mass 70 kDA.\nHSPA2 has names HSP70-2, HSP70-3. HSPA2 is located in Intracellular. HSPA2 subcellular location is Vesicles and additionally in nucleoplasm. HSPA2 has length 639 aa. HSPA2 has mass 70 kDA.\nHSPA5 has names BiP, GRP78, MIF2. HSPA5 is located in Intracellular. HSPA5 subcellular location is Cytosol. HSPA5 has length 654 aa. HSPA5 has mass 72 kDA.\nHSPA6 has names HSP70B'. HSPA6 is located in Intracellular. HSPA6 subcellular location is Vesicles and additionally in nucleoplasm. HSPA6 has length 643 aa. HSPA6 has mass 71 kDA.\nHSPA8 has names HSC70, HSP73, HSC71, HSPA10. HSPA8 is located in Intracellular. HSPA8 subcellular location is Nucleoplasm and additionally in vesicles. HSPA8 has length 646 aa. HSPA8 has mass 71 kDA.",
                "rdfs:seeAlso": {
                    "@id": "https://link.springer.com/article/10.1007/s12192-021-01223-3"
                }
            }
        ]
    }
}