{
    "@context": {
        "rdf": "http://www.w3.org/1999/02/22-rdf-syntax-ns#",
        "rdfs": "http://www.w3.org/2000/01/rdf-schema#",
        "biolink": "https://w3id.org/biolink/vocab/",
        "infores": "https://w3id.org/biolink/infores/",
        "dct": "http://purl.org/dc/terms/"
    },
    "@graph": [
        {
            "@id": "https://w3id.org/biolink/infores/knowledge-collaboratory",
            "@type": "biolink:InformationResource",
            "biolink:category": "biolink:InformationResource",
            "biolink:id": "infores:knowledge-collaboratory"
        }
    ],
    "@annotations": {
        "@context": {
            "tao": "http://pubannotation.org/ontology/tao.owl#",
            "rdfs": "http://www.w3.org/2000/01/rdf-schema#"
        },
        "@graph": [
            {
                "@id": "http://purl.org/nanopub/temp/np#document",
                "@type": "tao:document_text",
                "tao:has_value": "DNAJA4 has names PRO1472. DNAJA4 is located in Intracellular. DNAJA4 subcellular location is Plasma membrane, cytosol. DNAJA4 has length 397 aa. DNAJA4 has mass 44.8 kDA.\nDNAJB1 has names Hsp40, HSPF1, RSPH16B, Sis1,Hdj1. DNAJB1 is located in Intracellular. DNAJB1 subcellular location is Nucleoplasm. DNAJB1 has length 340 aa. DNAJB1 has mass 38 kDA.\nDNAJB2 has names CMT2T, HSJ1, HSPF3. DNAJB2 is located in Intracellular. DNAJB2 subcellular location is Nuclear membrane. DNAJB2 has length 324 aa. DNAJB2 has mass 35.6 kDA.\nDNAJB3 has names HCG3. DNAJB3 is located in in cell.. DNAJB3 subcellular location is in cell.. DNAJB3 has length 145 aa. DNAJB3 has mass 15.6 kDA.\nDNAJB4 has names HLJ1. DNAJB4 is located in Intracellular. DNAJB4 subcellular location is Nucleoplasm and additionally in plasma membrane, cytosol. DNAJB4 has length 337 aa. DNAJB4 has mass 37.8 kDA.\nDNAJB5 has names Hsc40. DNAJB5 is located in Intracellular. DNAJB5 subcellular location is Nucleoplasm and additionally in cytosol. DNAJB5 has length 348 aa. DNAJB5 has mass 39.1 kDA.\nDNAJB6 has names LGMD1D, MRJ. DNAJB6 is located in Intracellular. DNAJB6 subcellular location is Nucleoplasm and additionally in cytosol. DNAJB6 has length 326 aa. DNAJB6 has mass 36.1 kDA.\nDNAJB7 has names HSC3. DNAJB7 is located in Intracellular. DNAJB7 subcellular location is in cell.. DNAJB7 has length 309 aa. DNAJB7 has mass 35.4 kDA.\nDNAJB8 has names CT156, MGC33884. DNAJB8 is located in Intracellular. DNAJB8 subcellular location is Cytosol and nucleus. DNAJB8 has length 232 aa. DNAJB8 has mass 25.7 kDA.\nDNAJB9 has names MDG1. DNAJB9 is located in Intracellular. DNAJB9 subcellular location is Endoplasmic reticulum, cytosol. DNAJB9 has length 223 aa. DNAJB9 has mass 25.5 kDA.\nDNAJB11 has names EDJ, ERdj3, HEDJ. DNAJB11 is located in Intracellular. DNAJB11 subcellular location is Endoplasmic reticulum. DNAJB11 has length 358 aa. DNAJB11 has mass 40.5 kDA.\nDNAJB12 has names DJ10, FLJ20027. DNAJB12 is located in Membrane. DNAJB12 subcellular location is Endoplasmic reticulum and additionally in nuclear membrane. DNAJB12 has length 409 aa. DNAJB12 has mass 45.5 kDA.\nDNAJB13 has names RSPH16A, TSARG6. DNAJB13 is located in Intracellular. DNAJB13 subcellular location is Plasma membrane. DNAJB13 has length 316 aa. DNAJB13 has mass 36.1 kDA.\nDNAJB14 has names FLJ14281. DNAJB14 is located in Intracellular. DNAJB14 subcellular location is Endoplasmic reticulum and nuclear membrane. DNAJB14 has length 379 aa. DNAJB14 has mass 42.5 kDA.\nDNAJC1 has names DNAJL1, ERdj1, MTJ1. DNAJC1 is located in Membrane. DNAJC1 subcellular location is Endoplasmic reticulum and nuclear membrane. DNAJC1 has length 554 aa. DNAJC1 has mass 63.9 kDA.\nDNAJC2 has names MPHOSPH11, MPP11, ZRF1, ZUO1, zuotin. DNAJC2 is located in Intracellular. DNAJC2 subcellular location is Cytosol and nucleus. DNAJC2 has length 621 aa. DNAJC2 has mass 72 kDA.\nDNAJC3 has names ERdj6, HP58, P58, P58IPK, PRKRI. DNAJC3 is located in Intracellular. DNAJC3 subcellular location is Endoplasmic reticulum. DNAJC3 has length 504 aa. DNAJC3 has mass 57.6 kDA.\n",
                "rdfs:seeAlso": {
                    "@id": "https://link.springer.com/article/10.1007/s12192-021-01223-3"
                }
            }
        ]
    }
}