{
    "@context": {
        "rdf": "http://www.w3.org/1999/02/22-rdf-syntax-ns#",
        "rdfs": "http://www.w3.org/2000/01/rdf-schema#",
        "biolink": "https://w3id.org/biolink/vocab/",
        "infores": "https://w3id.org/biolink/infores/",
        "dct": "http://purl.org/dc/terms/"
    },
    "@graph": [
        {
            "@id": "https://w3id.org/biolink/infores/knowledge-collaboratory",
            "@type": "biolink:InformationResource",
            "biolink:category": "biolink:InformationResource",
            "biolink:id": "infores:knowledge-collaboratory"
        },
        {
            "@type": "biolink:Association",
            "biolink:category": "biolink:Association",
            "rdf:subject": {
                "@id": "http://purl.obolibrary.org/obo/NCBITaxon_12721"
            },
            "rdf:predicate": {
                "@id": "https://w3id.org/biolink/vocab/causes"
            },
            "rdf:object": {
                "@id": "http://purl.obolibrary.org/obo/NCBITaxon_12721"
            },
            "biolink:id": "collaboratory:NCBITaxon:12721-biolink:causes-NCBITaxon:12721",
            "biolink:aggregator_knowledge_source": {
                "@id": "infores:knowledge-collaboratory"
            }
        },
        {
            "@type": "biolink:Association",
            "biolink:category": "biolink:Association",
            "rdf:subject": {
                "@id": "http://purl.obolibrary.org/obo/NCBITaxon_12721"
            },
            "rdf:predicate": {
                "@id": "https://w3id.org/biolink/vocab/is_a"
            },
            "rdf:object": {
                "@id": "http://identifiers.org/umls/C0319157"
            },
            "biolink:id": "collaboratory:NCBITaxon:12721-biolink:is_a-UMLS:C0319157",
            "biolink:aggregator_knowledge_source": {
                "@id": "infores:knowledge-collaboratory"
            }
        },
        {
            "@type": "biolink:Association",
            "biolink:category": "biolink:Association",
            "rdf:subject": {
                "@id": "http://purl.obolibrary.org/obo/NCBITaxon_11676"
            },
            "rdf:predicate": {
                "@id": "https://w3id.org/biolink/vocab/has_name"
            },
            "rdf:object": {
                "@id": "http://purl.obolibrary.org/obo/NCBITaxon_12721"
            },
            "biolink:id": "collaboratory:NCBITaxon:11676-biolink:has_name-NCBITaxon:12721",
            "biolink:aggregator_knowledge_source": {
                "@id": "infores:knowledge-collaboratory"
            }
        },
        {
            "@type": "biolink:Association",
            "biolink:category": "biolink:Association",
            "rdf:subject": {
                "@id": "http://purl.obolibrary.org/obo/NCBITaxon_12721"
            },
            "rdf:predicate": {
                "@id": "https://w3id.org/biolink/vocab/is"
            },
            "rdf:object": {
                "@id": "http://identifiers.org/uniprot/P21338"
            },
            "biolink:id": "collaboratory:NCBITaxon:12721-biolink:is-UniProtKB:P21338",
            "biolink:aggregator_knowledge_source": {
                "@id": "infores:knowledge-collaboratory"
            }
        },
        {
            "@id": "http://purl.obolibrary.org/obo/NCBITaxon_12721",
            "@type": "biolink:Disease",
            "biolink:id": "NCBITaxon:12721",
            "biolink:category": "biolink:Disease",
            "rdfs:label": "HIV"
        },
        {
            "@id": "http://purl.obolibrary.org/obo/NCBITaxon_11676",
            "@type": "biolink:OrganismTaxon",
            "biolink:id": "NCBITaxon:11676",
            "biolink:category": "biolink:OrganismTaxon",
            "rdfs:label": "HIV-1"
        },
        {
            "@id": "http://purl.obolibrary.org/obo/NCBITaxon_12721",
            "@type": "biolink:Disease",
            "biolink:id": "NCBITaxon:12721",
            "biolink:category": "biolink:Disease",
            "rdfs:label": "human immunodeficiency virus"
        },
        {
            "@id": "http://identifiers.org/umls/C0319157",
            "@type": "biolink:OrganismTaxon",
            "biolink:id": "UMLS:C0319157",
            "biolink:category": "biolink:OrganismTaxon",
            "rdfs:label": "virus"
        },
        {
            "@id": "http://identifiers.org/uniprot/P21338",
            "@type": "biolink:ChemicalEntity",
            "biolink:id": "UniProtKB:P21338",
            "biolink:category": "biolink:ChemicalEntity",
            "rdfs:label": "RNA"
        }
    ],
    "@annotations": {
        "@context": {
            "tao": "http://pubannotation.org/ontology/tao.owl#",
            "rdfs": "http://www.w3.org/2000/01/rdf-schema#"
        },
        "@graph": [
            {
                "@id": "http://purl.org/nanopub/temp/np#document",
                "@type": "tao:document_text",
                "tao:has_value": "HIV-1 causes HIV.\nHIV has name human immunodeficiency virus.\nHIV-1 is a virus.\nHIV is a disease.\nHIV-1 is an RNA virus."
            },
            {
                "@type": "tao:text_span",
                "@id": "http://purl.org/nanopub/temp/np#annotation-0:3",
                "tao:begins_at": 0,
                "tao:ends_at": 3,
                "tao:has_value": "HIV",
                "tao:denotes": {
                    "@id": "http://purl.obolibrary.org/obo/NCBITaxon_12721"
                },
                "tao:part_of": {
                    "@id": "http://purl.org/nanopub/temp/np#document"
                }
            },
            {
                "@type": "tao:text_span",
                "@id": "http://purl.org/nanopub/temp/np#annotation-0:5",
                "tao:begins_at": 0,
                "tao:ends_at": 5,
                "tao:has_value": "HIV-1",
                "tao:denotes": {
                    "@id": "http://purl.obolibrary.org/obo/NCBITaxon_11676"
                },
                "tao:part_of": {
                    "@id": "http://purl.org/nanopub/temp/np#document"
                }
            },
            {
                "@type": "tao:text_span",
                "@id": "http://purl.org/nanopub/temp/np#annotation-31:59",
                "tao:begins_at": 31,
                "tao:ends_at": 59,
                "tao:has_value": "human immunodeficiency virus",
                "tao:denotes": {
                    "@id": "http://purl.obolibrary.org/obo/NCBITaxon_12721"
                },
                "tao:part_of": {
                    "@id": "http://purl.org/nanopub/temp/np#document"
                }
            },
            {
                "@type": "tao:text_span",
                "@id": "http://purl.org/nanopub/temp/np#annotation-54:59",
                "tao:begins_at": 54,
                "tao:ends_at": 59,
                "tao:has_value": "virus",
                "tao:denotes": {
                    "@id": "http://identifiers.org/umls/C0319157"
                },
                "tao:part_of": {
                    "@id": "http://purl.org/nanopub/temp/np#document"
                }
            },
            {
                "@type": "tao:text_span",
                "@id": "http://purl.org/nanopub/temp/np#annotation-109:112",
                "tao:begins_at": 109,
                "tao:ends_at": 112,
                "tao:has_value": "RNA",
                "tao:denotes": {
                    "@id": "http://identifiers.org/uniprot/P21338"
                },
                "tao:part_of": {
                    "@id": "http://purl.org/nanopub/temp/np#document"
                }
            }
        ]
    }
}