{
    "@context": {
        "rdf": "http://www.w3.org/1999/02/22-rdf-syntax-ns#",
        "rdfs": "http://www.w3.org/2000/01/rdf-schema#",
        "biolink": "https://w3id.org/biolink/vocab/",
        "infores": "https://w3id.org/biolink/infores/",
        "dct": "http://purl.org/dc/terms/"
    },
    "@graph": [
        {
            "@id": "https://w3id.org/biolink/infores/knowledge-collaboratory",
            "@type": "biolink:InformationResource",
            "biolink:category": "biolink:InformationResource",
            "biolink:id": "infores:knowledge-collaboratory"
        }
    ],
    "@annotations": {
        "@context": {
            "tao": "http://pubannotation.org/ontology/tao.owl#",
            "rdfs": "http://www.w3.org/2000/01/rdf-schema#"
        },
        "@graph": [
            {
                "@id": "http://purl.org/nanopub/temp/np#document",
                "@type": "tao:document_text",
                "tao:has_value": "HSPB10 has length 250 aa. HSPB10 has mass 28 kDA.\nHSPB11 has names IFT25, PP25, C1orf41, and HSPCO34. HSPB11 is located in Intracellular. HSPB11 subcellular location is Nucleoplasm and additionally in cytosol. HSPB11 has length 144 aa. HSPB11 has mass 16 kDA.\nHSP40/DNAJ has names . HSP40/DNAJ is located in . HSP40/DNAJ subcellular location is . HSP40/DNAJ has length aa. HSP40/DNAJ has mass kDA.\nDNAJA1 has names dj-2, hdj-2, HSJ2, HSPF4, NEDD7. DNAJA1 is located in Intracellular. DNAJA1 subcellular location is Cytosol and additionally in microtubules. DNAJA1 has length 397 aa. DNAJA1 has mass 44.9 kDA.\nDNAJA2 has names CPR3, DNAJ, DNJ3, HIRIP4. DNAJA2 is located in Intracellular. DNAJA2 subcellular location is Nucleoli, cytosol and additionally in intermediate filaments. DNAJA2 has length 412 aa. DNAJA2 has mass 45.7 kDA.\nDNAJA3 has names hTid-1, TID1. DNAJA3 is located in Intracellular. DNAJA3 subcellular location is Mitochondria and additionally in vesicles. DNAJA3 has length 480 aa. DNAJA3 has mass 52.5 kDA.\n",
                "rdfs:seeAlso": {
                    "@id": "https://link.springer.com/article/10.1007/s12192-021-01223-3"
                }
            }
        ]
    }
}