{
    "@context": {
        "rdf": "http://www.w3.org/1999/02/22-rdf-syntax-ns#",
        "rdfs": "http://www.w3.org/2000/01/rdf-schema#",
        "biolink": "https://w3id.org/biolink/vocab/",
        "infores": "https://w3id.org/biolink/infores/",
        "dct": "http://purl.org/dc/terms/"
    },
    "@graph": [
        {
            "@id": "https://w3id.org/biolink/infores/knowledge-collaboratory",
            "@type": "biolink:InformationResource",
            "biolink:category": "biolink:InformationResource",
            "biolink:id": "infores:knowledge-collaboratory"
        },
        {
            "@id": "https://www.ncbi.nlm.nih.gov/pmc/articles/PMC4227801/",
            "@type": "biolink:Publication",
            "biolink:category": "biolink:Publication",
            "biolink:id": "https://www.ncbi.nlm.nih.gov/pmc/articles/PMC4227801/"
        },
        {
            "@type": "biolink:Association",
            "biolink:category": "biolink:Association",
            "rdf:subject": {
                "@id": "http://purl.obolibrary.org/obo/NCIT_C13725"
            },
            "rdf:predicate": {
                "@id": "https://w3id.org/biolink/vocab/has_name"
            },
            "rdf:object": {
                "@id": "http://identifiers.org/uniprot/Q38833"
            },
            "biolink:id": "collaboratory:NCIT:C13725-biolink:has_name-UniProtKB:Q38833",
            "biolink:aggregator_knowledge_source": {
                "@id": "infores:knowledge-collaboratory"
            },
            "https://w3id.org/biolink/vocab/publications": {
                "@id": "https://www.ncbi.nlm.nih.gov/pmc/articles/PMC4227801/"
            }
        },
        {
            "@id": "https://www.ncbi.nlm.nih.gov/pmc/articles/PMC4227801/",
            "@type": "biolink:Publication",
            "biolink:category": "biolink:Publication",
            "biolink:id": "https://www.ncbi.nlm.nih.gov/pmc/articles/PMC4227801/"
        },
        {
            "@type": "biolink:Association",
            "biolink:category": "biolink:Association",
            "rdf:subject": {
                "@id": "http://identifiers.org/uniprot/Q38833"
            },
            "rdf:predicate": {
                "@id": "https://w3id.org/biolink/vocab/has_name"
            },
            "rdf:object": {
                "@id": "http://id.nlm.nih.gov/mesh/C105609"
            },
            "biolink:id": "collaboratory:UniProtKB:Q38833-biolink:has_name-MESH:C105609",
            "biolink:aggregator_knowledge_source": {
                "@id": "infores:knowledge-collaboratory"
            },
            "https://w3id.org/biolink/vocab/publications": {
                "@id": "https://www.ncbi.nlm.nih.gov/pmc/articles/PMC4227801/"
            }
        },
        {
            "@id": "https://www.ncbi.nlm.nih.gov/pmc/articles/PMC4227801/",
            "@type": "biolink:Publication",
            "biolink:category": "biolink:Publication",
            "biolink:id": "https://www.ncbi.nlm.nih.gov/pmc/articles/PMC4227801/"
        },
        {
            "@type": "biolink:Association",
            "biolink:category": "biolink:Association",
            "rdf:subject": {
                "@id": "http://identifiers.org/uniprot/Q38833"
            },
            "rdf:predicate": {
                "@id": "https://w3id.org/biolink/vocab/is_formed_by"
            },
            "rdf:object": {
                "@id": "http://id.nlm.nih.gov/mesh/D012045"
            },
            "biolink:id": "collaboratory:UniProtKB:Q38833-biolink:is_formed_by-MESH:D012045",
            "biolink:aggregator_knowledge_source": {
                "@id": "infores:knowledge-collaboratory"
            },
            "https://w3id.org/biolink/vocab/publications": {
                "@id": "https://www.ncbi.nlm.nih.gov/pmc/articles/PMC4227801/"
            }
        },
        {
            "@id": "https://www.ncbi.nlm.nih.gov/pmc/articles/PMC4227801/",
            "@type": "biolink:Publication",
            "biolink:category": "biolink:Publication",
            "biolink:id": "https://www.ncbi.nlm.nih.gov/pmc/articles/PMC4227801/"
        },
        {
            "@type": "biolink:Association",
            "biolink:category": "biolink:Association",
            "rdf:subject": {
                "@id": "http://id.nlm.nih.gov/mesh/D012045"
            },
            "rdf:predicate": {
                "@id": "https://w3id.org/biolink/vocab/make"
            },
            "rdf:object": {
                "@id": "http://identifiers.org/pubchem.compound/44135672"
            },
            "biolink:id": "collaboratory:MESH:D012045-biolink:make-PUBCHEM.COMPOUND:44135672",
            "biolink:aggregator_knowledge_source": {
                "@id": "infores:knowledge-collaboratory"
            },
            "https://w3id.org/biolink/vocab/publications": {
                "@id": "https://www.ncbi.nlm.nih.gov/pmc/articles/PMC4227801/"
            }
        },
        {
            "@id": "https://www.ncbi.nlm.nih.gov/pmc/articles/PMC4227801/",
            "@type": "biolink:Publication",
            "biolink:category": "biolink:Publication",
            "biolink:id": "https://www.ncbi.nlm.nih.gov/pmc/articles/PMC4227801/"
        },
        {
            "@type": "biolink:Association",
            "biolink:category": "biolink:Association",
            "rdf:subject": {
                "@id": "http://id.nlm.nih.gov/mesh/D012045"
            },
            "rdf:predicate": {
                "@id": "https://w3id.org/biolink/vocab/make"
            },
            "rdf:object": {
                "@id": "http://identifiers.org/uniprot/P21338"
            },
            "biolink:id": "collaboratory:MESH:D012045-biolink:make-UniProtKB:P21338",
            "biolink:aggregator_knowledge_source": {
                "@id": "infores:knowledge-collaboratory"
            },
            "https://w3id.org/biolink/vocab/publications": {
                "@id": "https://www.ncbi.nlm.nih.gov/pmc/articles/PMC4227801/"
            }
        },
        {
            "@id": "http://purl.obolibrary.org/obo/NCIT_C13725",
            "@type": "biolink:ChemicalEntity",
            "biolink:id": "NCIT:C13725",
            "biolink:category": "biolink:ChemicalEntity",
            "rdfs:label": "G-quadruplex"
        },
        {
            "@id": "http://identifiers.org/uniprot/Q38833",
            "@type": "biolink:ChemicalEntity",
            "biolink:id": "UniProtKB:Q38833",
            "biolink:category": "biolink:ChemicalEntity",
            "rdfs:label": "G4"
        },
        {
            "@id": "http://id.nlm.nih.gov/mesh/C105609",
            "@type": "biolink:ChemicalEntity",
            "biolink:id": "MESH:C105609",
            "biolink:category": "biolink:ChemicalEntity",
            "rdfs:label": "Grich"
        },
        {
            "@id": "http://id.nlm.nih.gov/mesh/D012045",
            "@type": "biolink:GeneProduct",
            "biolink:id": "MESH:D012045",
            "biolink:category": "biolink:GeneProduct",
            "rdfs:label": "nucleic acid sequences"
        },
        {
            "@id": "http://identifiers.org/pubchem.compound/44135672",
            "@type": "biolink:GeneProduct",
            "biolink:id": "PUBCHEM.COMPOUND:44135672",
            "biolink:category": "biolink:GeneProduct",
            "rdfs:label": "DNA"
        },
        {
            "@id": "http://identifiers.org/uniprot/P21338",
            "@type": "biolink:GeneProduct",
            "biolink:id": "UniProtKB:P21338",
            "biolink:category": "biolink:GeneProduct",
            "rdfs:label": "RNA"
        },
        {
            "@id": "http://purl.obolibrary.org/obo/UBERON_0001555",
            "@type": "biolink:Gene",
            "biolink:id": "UBERON:0001555",
            "biolink:category": "biolink:Gene",
            "rdfs:label": "G-tracts"
        },
        {
            "@id": "http://identifiers.org/umls/C0319157",
            "@type": "biolink:OrganismTaxon",
            "biolink:id": "UMLS:C0319157",
            "biolink:category": "biolink:OrganismTaxon",
            "rdfs:label": "virus"
        },
        {
            "@id": "http://purl.obolibrary.org/obo/NCBITaxon_11676",
            "@type": "biolink:OrganismTaxon",
            "biolink:id": "NCBITaxon:11676",
            "biolink:category": "biolink:OrganismTaxon",
            "rdfs:label": "HIV-1"
        },
        {
            "@id": "http://purl.obolibrary.org/obo/NCIT_C13202",
            "@type": "biolink:GeneProduct",
            "biolink:id": "NCIT:C13202",
            "biolink:category": "biolink:GeneProduct",
            "rdfs:label": "chromosome"
        },
        {
            "@id": "http://id.nlm.nih.gov/mesh/D002467",
            "@type": "biolink:OrganismTaxon",
            "biolink:id": "MESH:D002467",
            "biolink:category": "biolink:OrganismTaxon",
            "rdfs:label": "nucleus"
        },
        {
            "@id": "http://identifiers.org/umls/C1167395",
            "@type": "biolink:OrganismTaxon",
            "biolink:id": "UMLS:C1167395",
            "biolink:category": "biolink:OrganismTaxon",
            "rdfs:label": "host"
        },
        {
            "@id": "http://identifiers.org/umls/C0017428",
            "@type": "biolink:GeneProduct",
            "biolink:id": "UMLS:C0017428",
            "biolink:category": "biolink:GeneProduct",
            "rdfs:label": "genome"
        },
        {
            "@id": "http://identifiers.org/pubchem.compound/51346143",
            "@type": "biolink:ChemicalEntity",
            "biolink:id": "PUBCHEM.COMPOUND:51346143",
            "biolink:category": "biolink:ChemicalEntity",
            "rdfs:label": "guanines"
        },
        {
            "@id": "http://purl.obolibrary.org/obo/NCIT_C13725",
            "@type": "biolink:ChemicalEntity",
            "biolink:id": "NCIT:C13725",
            "biolink:category": "biolink:ChemicalEntity",
            "rdfs:label": "G-tetrads"
        },
        {
            "@id": "http://identifiers.org/hmdb/HMDB0255955",
            "@type": "biolink:GeneProduct",
            "biolink:id": "HMDB:HMDB0255955",
            "biolink:category": "biolink:GeneProduct",
            "rdfs:label": "oligonucleotides"
        },
        {
            "@id": "http://identifiers.org/umls/C3549000",
            "@type": "biolink:GeneProduct",
            "biolink:id": "UMLS:C3549000",
            "biolink:category": "biolink:GeneProduct",
            "rdfs:label": "linkers"
        },
        {
            "@id": "http://identifiers.org/umls/C0181687",
            "@type": "biolink:GeneProduct",
            "biolink:id": "UMLS:C0181687",
            "biolink:category": "biolink:GeneProduct",
            "rdfs:label": "loops"
        }
    ],
    "@annotations": {
        "@context": {
            "tao": "http://pubannotation.org/ontology/tao.owl#",
            "rdfs": "http://www.w3.org/2000/01/rdf-schema#"
        },
        "@graph": [
            {
                "@id": "http://purl.org/nanopub/temp/np#document",
                "@type": "tao:document_text",
                "tao:has_value": "G-quadruplex has name G4.\nG4 has name Grich.\nG4 is formed by nucleic acid sequences.\nNucleic Acid Sequences make DNA.\nNucleic Acid Sequences make RNA.\nG-tracts are located in RNA.\nG-tracts are located in DNA.\nRNA is in virus.\nHIV-1 is a virus.\nDNA is in chromosome.\nChromosome is in nucleus.\nNucleus is in host.\nChromosomes make genome.\nHost is a human.\n\nG-tracts have name G-blocks.\nG-tracts have guanines.\n\nG4 stacks G-tetrads\nG-tetrad have syn bond angles.\nG-tetrads have anti-glycosidic bond angles.\nG-tracts form G4 structure .\nStructure has parallel conformation. \nStructure has anti-parallel conformation. \nStructure has hybrid core conformation. \nG-tracts share oligonucleotides.\nOligonucleotides have linkers.\nLinkers have nucleotide sequences. \nLinkers make loops.\nLoops have lateral conformation.\nLoops have diagonal conformation. \nLoops have propeller conformation. \nG4 structures are assembled from G-tracts.\nG-tracts belong to two genome strands.\nG-tracts belong to four genome strands\n",
                "rdfs:seeAlso": {
                    "@id": "https://www.ncbi.nlm.nih.gov/pmc/articles/PMC4227801/"
                }
            },
            {
                "@type": "tao:text_span",
                "@id": "http://purl.org/nanopub/temp/np#annotation-0:12",
                "tao:begins_at": 0,
                "tao:ends_at": 12,
                "tao:has_value": "G-quadruplex",
                "tao:denotes": {
                    "@id": "http://purl.obolibrary.org/obo/NCIT_C13725"
                },
                "tao:part_of": {
                    "@id": "http://purl.org/nanopub/temp/np#document"
                }
            },
            {
                "@type": "tao:text_span",
                "@id": "http://purl.org/nanopub/temp/np#annotation-22:24",
                "tao:begins_at": 22,
                "tao:ends_at": 24,
                "tao:has_value": "G4",
                "tao:denotes": {
                    "@id": "http://identifiers.org/uniprot/Q38833"
                },
                "tao:part_of": {
                    "@id": "http://purl.org/nanopub/temp/np#document"
                }
            },
            {
                "@type": "tao:text_span",
                "@id": "http://purl.org/nanopub/temp/np#annotation-38:43",
                "tao:begins_at": 38,
                "tao:ends_at": 43,
                "tao:has_value": "Grich",
                "tao:denotes": {
                    "@id": "http://id.nlm.nih.gov/mesh/C105609"
                },
                "tao:part_of": {
                    "@id": "http://purl.org/nanopub/temp/np#document"
                }
            },
            {
                "@type": "tao:text_span",
                "@id": "http://purl.org/nanopub/temp/np#annotation-61:83",
                "tao:begins_at": 61,
                "tao:ends_at": 83,
                "tao:has_value": "nucleic acid sequences",
                "tao:denotes": {
                    "@id": "http://id.nlm.nih.gov/mesh/D012045"
                },
                "tao:part_of": {
                    "@id": "http://purl.org/nanopub/temp/np#document"
                }
            },
            {
                "@type": "tao:text_span",
                "@id": "http://purl.org/nanopub/temp/np#annotation-113:116",
                "tao:begins_at": 113,
                "tao:ends_at": 116,
                "tao:has_value": "DNA",
                "tao:denotes": {
                    "@id": "http://identifiers.org/pubchem.compound/44135672"
                },
                "tao:part_of": {
                    "@id": "http://purl.org/nanopub/temp/np#document"
                }
            },
            {
                "@type": "tao:text_span",
                "@id": "http://purl.org/nanopub/temp/np#annotation-146:149",
                "tao:begins_at": 146,
                "tao:ends_at": 149,
                "tao:has_value": "RNA",
                "tao:denotes": {
                    "@id": "http://identifiers.org/uniprot/P21338"
                },
                "tao:part_of": {
                    "@id": "http://purl.org/nanopub/temp/np#document"
                }
            },
            {
                "@type": "tao:text_span",
                "@id": "http://purl.org/nanopub/temp/np#annotation-151:159",
                "tao:begins_at": 151,
                "tao:ends_at": 159,
                "tao:has_value": "G-tracts",
                "tao:denotes": {
                    "@id": "http://purl.obolibrary.org/obo/UBERON_0001555"
                },
                "tao:part_of": {
                    "@id": "http://purl.org/nanopub/temp/np#document"
                }
            },
            {
                "@type": "tao:text_span",
                "@id": "http://purl.org/nanopub/temp/np#annotation-219:224",
                "tao:begins_at": 219,
                "tao:ends_at": 224,
                "tao:has_value": "virus",
                "tao:denotes": {
                    "@id": "http://identifiers.org/umls/C0319157"
                },
                "tao:part_of": {
                    "@id": "http://purl.org/nanopub/temp/np#document"
                }
            },
            {
                "@type": "tao:text_span",
                "@id": "http://purl.org/nanopub/temp/np#annotation-226:231",
                "tao:begins_at": 226,
                "tao:ends_at": 231,
                "tao:has_value": "HIV-1",
                "tao:denotes": {
                    "@id": "http://purl.obolibrary.org/obo/NCBITaxon_11676"
                },
                "tao:part_of": {
                    "@id": "http://purl.org/nanopub/temp/np#document"
                }
            },
            {
                "@type": "tao:text_span",
                "@id": "http://purl.org/nanopub/temp/np#annotation-254:264",
                "tao:begins_at": 254,
                "tao:ends_at": 264,
                "tao:has_value": "chromosome",
                "tao:denotes": {
                    "@id": "http://purl.obolibrary.org/obo/NCIT_C13202"
                },
                "tao:part_of": {
                    "@id": "http://purl.org/nanopub/temp/np#document"
                }
            },
            {
                "@type": "tao:text_span",
                "@id": "http://purl.org/nanopub/temp/np#annotation-283:290",
                "tao:begins_at": 283,
                "tao:ends_at": 290,
                "tao:has_value": "nucleus",
                "tao:denotes": {
                    "@id": "http://id.nlm.nih.gov/mesh/D002467"
                },
                "tao:part_of": {
                    "@id": "http://purl.org/nanopub/temp/np#document"
                }
            },
            {
                "@type": "tao:text_span",
                "@id": "http://purl.org/nanopub/temp/np#annotation-306:310",
                "tao:begins_at": 306,
                "tao:ends_at": 310,
                "tao:has_value": "host",
                "tao:denotes": {
                    "@id": "http://identifiers.org/umls/C1167395"
                },
                "tao:part_of": {
                    "@id": "http://purl.org/nanopub/temp/np#document"
                }
            },
            {
                "@type": "tao:text_span",
                "@id": "http://purl.org/nanopub/temp/np#annotation-329:335",
                "tao:begins_at": 329,
                "tao:ends_at": 335,
                "tao:has_value": "genome",
                "tao:denotes": {
                    "@id": "http://identifiers.org/umls/C0017428"
                },
                "tao:part_of": {
                    "@id": "http://purl.org/nanopub/temp/np#document"
                }
            },
            {
                "@type": "tao:text_span",
                "@id": "http://purl.org/nanopub/temp/np#annotation-398:406",
                "tao:begins_at": 398,
                "tao:ends_at": 406,
                "tao:has_value": "guanines",
                "tao:denotes": {
                    "@id": "http://identifiers.org/pubchem.compound/51346143"
                },
                "tao:part_of": {
                    "@id": "http://purl.org/nanopub/temp/np#document"
                }
            },
            {
                "@type": "tao:text_span",
                "@id": "http://purl.org/nanopub/temp/np#annotation-419:428",
                "tao:begins_at": 419,
                "tao:ends_at": 428,
                "tao:has_value": "G-tetrads",
                "tao:denotes": {
                    "@id": "http://purl.obolibrary.org/obo/NCIT_C13725"
                },
                "tao:part_of": {
                    "@id": "http://purl.org/nanopub/temp/np#document"
                }
            },
            {
                "@type": "tao:text_span",
                "@id": "http://purl.org/nanopub/temp/np#annotation-670:686",
                "tao:begins_at": 670,
                "tao:ends_at": 686,
                "tao:has_value": "oligonucleotides",
                "tao:denotes": {
                    "@id": "http://identifiers.org/hmdb/HMDB0255955"
                },
                "tao:part_of": {
                    "@id": "http://purl.org/nanopub/temp/np#document"
                }
            },
            {
                "@type": "tao:text_span",
                "@id": "http://purl.org/nanopub/temp/np#annotation-710:717",
                "tao:begins_at": 710,
                "tao:ends_at": 717,
                "tao:has_value": "linkers",
                "tao:denotes": {
                    "@id": "http://identifiers.org/umls/C3549000"
                },
                "tao:part_of": {
                    "@id": "http://purl.org/nanopub/temp/np#document"
                }
            },
            {
                "@type": "tao:text_span",
                "@id": "http://purl.org/nanopub/temp/np#annotation-768:773",
                "tao:begins_at": 768,
                "tao:ends_at": 773,
                "tao:has_value": "loops",
                "tao:denotes": {
                    "@id": "http://identifiers.org/umls/C0181687"
                },
                "tao:part_of": {
                    "@id": "http://purl.org/nanopub/temp/np#document"
                }
            }
        ]
    }
}