{
    "@context": {
        "rdf": "http://www.w3.org/1999/02/22-rdf-syntax-ns#",
        "rdfs": "http://www.w3.org/2000/01/rdf-schema#",
        "biolink": "https://w3id.org/biolink/vocab/",
        "infores": "https://w3id.org/biolink/infores/",
        "dct": "http://purl.org/dc/terms/"
    },
    "@graph": [
        {
            "@id": "https://w3id.org/biolink/infores/knowledge-collaboratory",
            "@type": "biolink:InformationResource",
            "biolink:category": "biolink:InformationResource",
            "biolink:id": "infores:knowledge-collaboratory"
        }
    ],
    "@annotations": {
        "@context": {
            "tao": "http://pubannotation.org/ontology/tao.owl#",
            "rdfs": "http://www.w3.org/2000/01/rdf-schema#"
        },
        "@graph": [
            {
                "@id": "http://purl.org/nanopub/temp/np#document",
                "@type": "tao:document_text",
                "tao:has_value": "\nDNAJC21 has names DNAJA5, GS3, JJJ1. DNAJC21 is located in Intracellular. DNAJC21 subcellular location is Nucleus, nucleoli, cytosol. DNAJC21 has length 576 aa. DNAJC21 has mass 67.1 kDA.\nDNAJC22 has names FLJ13236, wus. DNAJC22 is located in Membrane. DNAJC22 subcellular location is Vesicles. DNAJC22 has length 341 aa. DNAJC22 has mass 38.1 kDA.\nDNAJC23 has names SEC63, ERdj2, PRO2507, SEC63L. DNAJC23 is located in Membrane. DNAJC23 subcellular location is Endoplasmic reticulum. DNAJC23 has length 760 aa. DNAJC23 has mass 88 kDA.\nDNAJC24 has names DPH4, JJJ3, ZCSL3. DNAJC24 is located in Intracellular. DNAJC24 subcellular location is Cytosol. DNAJC24 has length 149 aa. DNAJC24 has mass 17.1 kDA.\nDNAJC25 has names bA16L21.2.1. DNAJC25 is located in Membrane. DNAJC25 subcellular location is Nucleoplasm and additionally in cytosol. DNAJC25 has length 360 aa. DNAJC25 has mass 42.4 kDA.\nDNAJC26 has names GAK (cyclin G–associated kinase. DNAJC26 is located in Intracellular. DNAJC26 subcellular location is Golgi apparatus and additionally in vesicles. DNAJC26 has length 1311 aa. DNAJC26 has mass 143.2 kDA.\nDNAJC27 has names RabJS, RBJ. DNAJC27 is located in Intracellular. DNAJC27 subcellular location is Nucleoplasm and additionally in cytosol. DNAJC27 has length 273 aa. DNAJC27 has mass 30.9 kDA.\nDNAJC28 has names C21orf55, C21orf78. DNAJC28 is located in Intracellular. DNAJC28 subcellular location is Golgi transport complex. DNAJC28 has length 388 aa. DNAJC28 has mass 45.8 kDA.\nDNAJC29 has names SACS, ARSACS, DKFZp686B15167, KIAA0730, PPP1R138, SPAX6. DNAJC29 is located in Intracellular. DNAJC29 subcellular location is Cytosol. DNAJC29 has length 4579 aa. DNAJC29 has mass 521.1 kDA.\nDNAJC30 has names WBSCR18. DNAJC30 is located in Membrane. DNAJC30 subcellular location is Mitochondrial membrane. DNAJC30 has length 226 aa. DNAJC30 has mass 26 kDA.\nChaperonins/HSP60/HSPD has names . Chaperonins/HSP60/HSPD is located in . Chaperonins/HSP60/HSPD subcellular location is . Chaperonins/HSP60/HSPD has length aa. Chaperonins/HSP60/HSPD has mass kDA.\nHSPD1 has names HLD4, CPN60, GROEL, HSP60, HSPD1, HSP65, SPG13, HSP-60, HuCHA60. HSPD1 is located in Intracellular. HSPD1 subcellular location is Mitochondria. HSPD1 has length 573 aa. HSPD1 has mass 61 kDA.\nCCT1 has names TCP1, CCTA, CCT-alpha, TCP-1-alpha, D6S230E. CCT1 is located in Intracellular. CCT1 subcellular location is Cytosol, centrosome. CCT1 has length 556 aa. CCT1 has mass 60 kDA.",
                "rdfs:seeAlso": {
                    "@id": "https://link.springer.com/article/10.1007/s12192-021-01223-3"
                }
            }
        ]
    }
}