{
    "@context": {
        "rdf": "http://www.w3.org/1999/02/22-rdf-syntax-ns#",
        "rdfs": "http://www.w3.org/2000/01/rdf-schema#",
        "biolink": "https://w3id.org/biolink/vocab/",
        "infores": "https://w3id.org/biolink/infores/",
        "dct": "http://purl.org/dc/terms/"
    },
    "@graph": [
        {
            "@id": "https://w3id.org/biolink/infores/knowledge-collaboratory",
            "@type": "biolink:InformationResource",
            "biolink:category": "biolink:InformationResource",
            "biolink:id": "infores:knowledge-collaboratory"
        },
        {
            "@id": "https://www.cancer.gov/publications/dictionaries/cancer-terms/def/cell",
            "@type": "biolink:Publication",
            "biolink:category": "biolink:Publication",
            "biolink:id": "https://www.cancer.gov/publications/dictionaries/cancer-terms/def/cell"
        },
        {
            "@type": "biolink:Association",
            "biolink:category": "biolink:Association",
            "rdf:subject": {
                "@id": "http://purl.obolibrary.org/obo/CL_0000000"
            },
            "rdf:predicate": {
                "@id": "https://w3id.org/biolink/vocab/contains_process"
            },
            "rdf:object": {
                "@id": "http://identifiers.org/umls/C0025255"
            },
            "biolink:id": "collaboratory:CL:0000000-biolink:contains_process-UMLS:C0025255",
            "biolink:aggregator_knowledge_source": {
                "@id": "infores:knowledge-collaboratory"
            },
            "https://w3id.org/biolink/vocab/publications": {
                "@id": "https://www.cancer.gov/publications/dictionaries/cancer-terms/def/cell"
            }
        },
        {
            "@id": "https://www.cancer.gov/publications/dictionaries/cancer-terms/def/cell",
            "@type": "biolink:Publication",
            "biolink:category": "biolink:Publication",
            "biolink:id": "https://www.cancer.gov/publications/dictionaries/cancer-terms/def/cell"
        },
        {
            "@type": "biolink:Association",
            "biolink:category": "biolink:Association",
            "rdf:subject": {
                "@id": "http://purl.obolibrary.org/obo/CL_0000000"
            },
            "rdf:predicate": {
                "@id": "https://w3id.org/biolink/vocab/contains_process"
            },
            "rdf:object": {
                "@id": "http://id.nlm.nih.gov/mesh/D002467"
            },
            "biolink:id": "collaboratory:CL:0000000-biolink:contains_process-MESH:D002467",
            "biolink:aggregator_knowledge_source": {
                "@id": "infores:knowledge-collaboratory"
            },
            "https://w3id.org/biolink/vocab/publications": {
                "@id": "https://www.cancer.gov/publications/dictionaries/cancer-terms/def/cell"
            }
        },
        {
            "@id": "https://www.cancer.gov/publications/dictionaries/cancer-terms/def/cell",
            "@type": "biolink:Publication",
            "biolink:category": "biolink:Publication",
            "biolink:id": "https://www.cancer.gov/publications/dictionaries/cancer-terms/def/cell"
        },
        {
            "@type": "biolink:Association",
            "biolink:category": "biolink:Association",
            "rdf:subject": {
                "@id": "http://purl.obolibrary.org/obo/CL_0000000"
            },
            "rdf:predicate": {
                "@id": "https://w3id.org/biolink/vocab/contains_process"
            },
            "rdf:object": {
                "@id": "http://id.nlm.nih.gov/mesh/D003593"
            },
            "biolink:id": "collaboratory:CL:0000000-biolink:contains_process-MESH:D003593",
            "biolink:aggregator_knowledge_source": {
                "@id": "infores:knowledge-collaboratory"
            },
            "https://w3id.org/biolink/vocab/publications": {
                "@id": "https://www.cancer.gov/publications/dictionaries/cancer-terms/def/cell"
            }
        },
        {
            "@id": "https://www.cancer.gov/publications/dictionaries/cancer-terms/def/cell",
            "@type": "biolink:Publication",
            "biolink:category": "biolink:Publication",
            "biolink:id": "https://www.cancer.gov/publications/dictionaries/cancer-terms/def/cell"
        },
        {
            "@type": "biolink:Association",
            "biolink:category": "biolink:Association",
            "rdf:subject": {
                "@id": "http://id.nlm.nih.gov/mesh/D002466"
            },
            "rdf:predicate": {
                "@id": "https://w3id.org/biolink/vocab/is_located_in"
            },
            "rdf:object": {
                "@id": "http://id.nlm.nih.gov/mesh/D002467"
            },
            "biolink:id": "collaboratory:MESH:D002466-biolink:is_located_in-MESH:D002467",
            "biolink:aggregator_knowledge_source": {
                "@id": "infores:knowledge-collaboratory"
            },
            "https://w3id.org/biolink/vocab/publications": {
                "@id": "https://www.cancer.gov/publications/dictionaries/cancer-terms/def/cell"
            }
        },
        {
            "@id": "https://www.cancer.gov/publications/dictionaries/cancer-terms/def/cell",
            "@type": "biolink:Publication",
            "biolink:category": "biolink:Publication",
            "biolink:id": "https://www.cancer.gov/publications/dictionaries/cancer-terms/def/cell"
        },
        {
            "@type": "biolink:Association",
            "biolink:category": "biolink:Association",
            "rdf:subject": {
                "@id": "http://purl.obolibrary.org/obo/CL_0000000"
            },
            "rdf:predicate": {
                "@id": "https://w3id.org/biolink/vocab/contains_process"
            },
            "rdf:object": {
                "@id": "http://id.nlm.nih.gov/mesh/D002466"
            },
            "biolink:id": "collaboratory:CL:0000000-biolink:contains_process-MESH:D002466",
            "biolink:aggregator_knowledge_source": {
                "@id": "infores:knowledge-collaboratory"
            },
            "https://w3id.org/biolink/vocab/publications": {
                "@id": "https://www.cancer.gov/publications/dictionaries/cancer-terms/def/cell"
            }
        },
        {
            "@id": "https://www.cancer.gov/publications/dictionaries/cancer-terms/def/cell",
            "@type": "biolink:Publication",
            "biolink:category": "biolink:Publication",
            "biolink:id": "https://www.cancer.gov/publications/dictionaries/cancer-terms/def/cell"
        },
        {
            "@type": "biolink:Association",
            "biolink:category": "biolink:Association",
            "rdf:subject": {
                "@id": "http://identifiers.org/pubchem.compound/44135672"
            },
            "rdf:predicate": {
                "@id": "https://w3id.org/biolink/vocab/located_in"
            },
            "rdf:object": {
                "@id": "http://id.nlm.nih.gov/mesh/D002466"
            },
            "biolink:id": "collaboratory:PUBCHEM.COMPOUND:44135672-biolink:located_in-MESH:D002466",
            "biolink:aggregator_knowledge_source": {
                "@id": "infores:knowledge-collaboratory"
            },
            "https://w3id.org/biolink/vocab/publications": {
                "@id": "https://www.cancer.gov/publications/dictionaries/cancer-terms/def/cell"
            }
        },
        {
            "@id": "https://www.cancer.gov/publications/dictionaries/cancer-terms/def/cell",
            "@type": "biolink:Publication",
            "biolink:category": "biolink:Publication",
            "biolink:id": "https://www.cancer.gov/publications/dictionaries/cancer-terms/def/cell"
        },
        {
            "@type": "biolink:Association",
            "biolink:category": "biolink:Association",
            "rdf:subject": {
                "@id": "http://identifiers.org/pubchem.compound/44135672"
            },
            "rdf:predicate": {
                "@id": "https://w3id.org/biolink/vocab/transcribed_from"
            },
            "rdf:object": {
                "@id": "http://identifiers.org/uniprot/P21338"
            },
            "biolink:id": "collaboratory:PUBCHEM.COMPOUND:44135672-biolink:transcribed_from-UniProtKB:P21338",
            "biolink:aggregator_knowledge_source": {
                "@id": "infores:knowledge-collaboratory"
            },
            "https://w3id.org/biolink/vocab/publications": {
                "@id": "https://www.cancer.gov/publications/dictionaries/cancer-terms/def/cell"
            }
        },
        {
            "@id": "http://purl.obolibrary.org/obo/CL_0000000",
            "@type": "biolink:OrganismTaxon",
            "biolink:id": "CL:0000000",
            "biolink:category": "biolink:OrganismTaxon",
            "rdfs:label": "Cell"
        },
        {
            "@id": "http://identifiers.org/umls/C0025255",
            "@type": "biolink:GeneProduct",
            "biolink:id": "UMLS:C0025255",
            "biolink:category": "biolink:GeneProduct",
            "rdfs:label": "Membrane"
        },
        {
            "@id": "http://id.nlm.nih.gov/mesh/D002467",
            "@type": "biolink:GeneProduct",
            "biolink:id": "MESH:D002467",
            "biolink:category": "biolink:GeneProduct",
            "rdfs:label": "Nucleus"
        },
        {
            "@id": "http://id.nlm.nih.gov/mesh/D003593",
            "@type": "biolink:GeneProduct",
            "biolink:id": "MESH:D003593",
            "biolink:category": "biolink:GeneProduct",
            "rdfs:label": "Cytoplasm"
        },
        {
            "@id": "http://id.nlm.nih.gov/mesh/D002466",
            "@type": "biolink:GeneProduct",
            "biolink:id": "MESH:D002466",
            "biolink:category": "biolink:GeneProduct",
            "rdfs:label": "Nucleolus"
        },
        {
            "@id": "http://identifiers.org/pubchem.compound/44135672",
            "@type": "biolink:ChemicalEntity",
            "biolink:id": "PUBCHEM.COMPOUND:44135672",
            "biolink:category": "biolink:ChemicalEntity",
            "rdfs:label": "DNA"
        },
        {
            "@id": "http://identifiers.org/uniprot/P21338",
            "@type": "biolink:ChemicalEntity",
            "biolink:id": "UniProtKB:P21338",
            "biolink:category": "biolink:ChemicalEntity",
            "rdfs:label": "RNA"
        }
    ],
    "@annotations": {
        "@context": {
            "tao": "http://pubannotation.org/ontology/tao.owl#",
            "rdfs": "http://www.w3.org/2000/01/rdf-schema#"
        },
        "@graph": [
            {
                "@id": "http://purl.org/nanopub/temp/np#document",
                "@type": "tao:document_text",
                "tao:has_value": "Cell has parts.\nMembrane is a part of a cell.\nNucleus is a part of a cell.\nCytoplasm is part of a cell.\nNucleolus is located in nucleus.\nDNA is located in nucleolus.\nRNA is made in nucleolus.",
                "rdfs:seeAlso": {
                    "@id": "https://www.cancer.gov/publications/dictionaries/cancer-terms/def/cell"
                }
            },
            {
                "@type": "tao:text_span",
                "@id": "http://purl.org/nanopub/temp/np#annotation-0:4",
                "tao:begins_at": 0,
                "tao:ends_at": 4,
                "tao:has_value": "Cell",
                "tao:denotes": {
                    "@id": "http://purl.obolibrary.org/obo/CL_0000000"
                },
                "tao:part_of": {
                    "@id": "http://purl.org/nanopub/temp/np#document"
                }
            },
            {
                "@type": "tao:text_span",
                "@id": "http://purl.org/nanopub/temp/np#annotation-16:24",
                "tao:begins_at": 16,
                "tao:ends_at": 24,
                "tao:has_value": "Membrane",
                "tao:denotes": {
                    "@id": "http://identifiers.org/umls/C0025255"
                },
                "tao:part_of": {
                    "@id": "http://purl.org/nanopub/temp/np#document"
                }
            },
            {
                "@type": "tao:text_span",
                "@id": "http://purl.org/nanopub/temp/np#annotation-46:53",
                "tao:begins_at": 46,
                "tao:ends_at": 53,
                "tao:has_value": "Nucleus",
                "tao:denotes": {
                    "@id": "http://id.nlm.nih.gov/mesh/D002467"
                },
                "tao:part_of": {
                    "@id": "http://purl.org/nanopub/temp/np#document"
                }
            },
            {
                "@type": "tao:text_span",
                "@id": "http://purl.org/nanopub/temp/np#annotation-75:84",
                "tao:begins_at": 75,
                "tao:ends_at": 84,
                "tao:has_value": "Cytoplasm",
                "tao:denotes": {
                    "@id": "http://id.nlm.nih.gov/mesh/D003593"
                },
                "tao:part_of": {
                    "@id": "http://purl.org/nanopub/temp/np#document"
                }
            },
            {
                "@type": "tao:text_span",
                "@id": "http://purl.org/nanopub/temp/np#annotation-104:113",
                "tao:begins_at": 104,
                "tao:ends_at": 113,
                "tao:has_value": "Nucleolus",
                "tao:denotes": {
                    "@id": "http://id.nlm.nih.gov/mesh/D002466"
                },
                "tao:part_of": {
                    "@id": "http://purl.org/nanopub/temp/np#document"
                }
            },
            {
                "@type": "tao:text_span",
                "@id": "http://purl.org/nanopub/temp/np#annotation-137:140",
                "tao:begins_at": 137,
                "tao:ends_at": 140,
                "tao:has_value": "DNA",
                "tao:denotes": {
                    "@id": "http://identifiers.org/pubchem.compound/44135672"
                },
                "tao:part_of": {
                    "@id": "http://purl.org/nanopub/temp/np#document"
                }
            },
            {
                "@type": "tao:text_span",
                "@id": "http://purl.org/nanopub/temp/np#annotation-166:169",
                "tao:begins_at": 166,
                "tao:ends_at": 169,
                "tao:has_value": "RNA",
                "tao:denotes": {
                    "@id": "http://identifiers.org/uniprot/P21338"
                },
                "tao:part_of": {
                    "@id": "http://purl.org/nanopub/temp/np#document"
                }
            }
        ]
    }
}