{
    "@context": {
        "rdf": "http://www.w3.org/1999/02/22-rdf-syntax-ns#",
        "rdfs": "http://www.w3.org/2000/01/rdf-schema#",
        "biolink": "https://w3id.org/biolink/vocab/",
        "infores": "https://w3id.org/biolink/infores/",
        "dct": "http://purl.org/dc/terms/"
    },
    "@graph": [
        {
            "@id": "https://w3id.org/biolink/infores/knowledge-collaboratory",
            "@type": "biolink:InformationResource",
            "biolink:category": "biolink:InformationResource",
            "biolink:id": "infores:knowledge-collaboratory"
        }
    ],
    "@annotations": {
        "@context": {
            "tao": "http://pubannotation.org/ontology/tao.owl#",
            "rdfs": "http://www.w3.org/2000/01/rdf-schema#"
        },
        "@graph": [
            {
                "@id": "http://purl.org/nanopub/temp/np#document",
                "@type": "tao:document_text",
                "tao:has_value": "HSPB10 has length 250 aa. HSPB10 has mass 28 kDA.\nHSPB11 has names IFT25, PP25, C1orf41, and HSPCO34. HSPB11 is located in Intracellular. HSPB11 subcellular location is Nucleoplasm and additionally in cytosol. HSPB11 has length 144 aa. HSPB11 has mass 16 kDA.\nHSP40/DNAJ has names . HSP40/DNAJ is located in . HSP40/DNAJ subcellular location is . HSP40/DNAJ has length aa. HSP40/DNAJ has mass kDA.\nDNAJA1 has names dj-2, hdj-2, HSJ2, HSPF4, NEDD7. DNAJA1 is located in Intracellular. DNAJA1 subcellular location is Cytosol and additionally in microtubules. DNAJA1 has length 397 aa. DNAJA1 has mass 44.9 kDA.\nDNAJA2 has names CPR3, DNAJ, DNJ3, HIRIP4. DNAJA2 is located in Intracellular. DNAJA2 subcellular location is Nucleoli, cytosol and additionally in intermediate filaments. DNAJA2 has length 412 aa. DNAJA2 has mass 45.7 kDA.\nDNAJA3 has names hTid-1, TID1. DNAJA3 is located in Intracellular. DNAJA3 subcellular location is Mitochondria and additionally in vesicles. DNAJA3 has length 480 aa. DNAJA3 has mass 52.5 kDA.\n",
                "rdfs:seeAlso": {
                    "@id": "https://link.springer.com/article/10.1007/s12192-021-01223-3"
                }
            }    
        ]
    }
    
    "@context": {
        "rdf": "http://www.w3.org/1999/02/22-rdf-syntax-ns#",
        "rdfs": "http://www.w3.org/2000/01/rdf-schema#",
        "biolink": "https://w3id.org/biolink/vocab/",
        "infores": "https://w3id.org/biolink/infores/",
        "dct": "http://purl.org/dc/terms/"
    },
    "@graph": [
        {
            "@id": "https://w3id.org/biolink/infores/knowledge-collaboratory",
            "@type": "biolink:InformationResource",
            "biolink:category": "biolink:InformationResource",
            "biolink:id": "infores:knowledge-collaboratory"
        }
    ],
    "@annotations": {
        "@context": {
            "tao": "http://pubannotation.org/ontology/tao.owl#",
            "rdfs": "http://www.w3.org/2000/01/rdf-schema#"
        },
        "@graph": [
            {
                "@id": "http://purl.org/nanopub/temp/np#document",
                "@type": "tao:document_text",
                "tao:has_value": "DNAJA4 has names PRO1472. DNAJA4 is located in Intracellular. DNAJA4 subcellular location is Plasma membrane, cytosol. DNAJA4 has length 397 aa. DNAJA4 has mass 44.8 kDA.\nDNAJB1 has names Hsp40, HSPF1, RSPH16B, Sis1,Hdj1. DNAJB1 is located in Intracellular. DNAJB1 subcellular location is Nucleoplasm. DNAJB1 has length 340 aa. DNAJB1 has mass 38 kDA.\nDNAJB2 has names CMT2T, HSJ1, HSPF3. DNAJB2 is located in Intracellular. DNAJB2 subcellular location is Nuclear membrane. DNAJB2 has length 324 aa. DNAJB2 has mass 35.6 kDA.\nDNAJB3 has names HCG3. DNAJB3 is located in in cell.. DNAJB3 subcellular location is in cell.. DNAJB3 has length 145 aa. DNAJB3 has mass 15.6 kDA.\nDNAJB4 has names HLJ1. DNAJB4 is located in Intracellular. DNAJB4 subcellular location is Nucleoplasm and additionally in plasma membrane, cytosol. DNAJB4 has length 337 aa. DNAJB4 has mass 37.8 kDA.\nDNAJB5 has names Hsc40. DNAJB5 is located in Intracellular. DNAJB5 subcellular location is Nucleoplasm and additionally in cytosol. DNAJB5 has length 348 aa. DNAJB5 has mass 39.1 kDA.\nDNAJB6 has names LGMD1D, MRJ. DNAJB6 is located in Intracellular. DNAJB6 subcellular location is Nucleoplasm and additionally in cytosol. DNAJB6 has length 326 aa. DNAJB6 has mass 36.1 kDA.\nDNAJB7 has names HSC3. DNAJB7 is located in Intracellular. DNAJB7 subcellular location is in cell.. DNAJB7 has length 309 aa. DNAJB7 has mass 35.4 kDA.\nDNAJB8 has names CT156, MGC33884. DNAJB8 is located in Intracellular. DNAJB8 subcellular location is Cytosol and nucleus. DNAJB8 has length 232 aa. DNAJB8 has mass 25.7 kDA.\nDNAJB9 has names MDG1. DNAJB9 is located in Intracellular. DNAJB9 subcellular location is Endoplasmic reticulum, cytosol. DNAJB9 has length 223 aa. DNAJB9 has mass 25.5 kDA.\nDNAJB11 has names EDJ, ERdj3, HEDJ. DNAJB11 is located in Intracellular. DNAJB11 subcellular location is Endoplasmic reticulum. DNAJB11 has length 358 aa. DNAJB11 has mass 40.5 kDA.\nDNAJB12 has names DJ10, FLJ20027. DNAJB12 is located in Membrane. DNAJB12 subcellular location is Endoplasmic reticulum and additionally in nuclear membrane. DNAJB12 has length 409 aa. DNAJB12 has mass 45.5 kDA.\nDNAJB13 has names RSPH16A, TSARG6. DNAJB13 is located in Intracellular. DNAJB13 subcellular location is Plasma membrane. DNAJB13 has length 316 aa. DNAJB13 has mass 36.1 kDA.\nDNAJB14 has names FLJ14281. DNAJB14 is located in Intracellular. DNAJB14 subcellular location is Endoplasmic reticulum and nuclear membrane. DNAJB14 has length 379 aa. DNAJB14 has mass 42.5 kDA.\nDNAJC1 has names DNAJL1, ERdj1, MTJ1. DNAJC1 is located in Membrane. DNAJC1 subcellular location is Endoplasmic reticulum and nuclear membrane. DNAJC1 has length 554 aa. DNAJC1 has mass 63.9 kDA.\nDNAJC2 has names MPHOSPH11, MPP11, ZRF1, ZUO1, zuotin. DNAJC2 is located in Intracellular. DNAJC2 subcellular location is Cytosol and nucleus. DNAJC2 has length 621 aa. DNAJC2 has mass 72 kDA.\nDNAJC3 has names ERdj6, HP58, P58, P58IPK, PRKRI. DNAJC3 is located in Intracellular. DNAJC3 subcellular location is Endoplasmic reticulum. DNAJC3 has length 504 aa. DNAJC3 has mass 57.6 kDA.\n",
                "rdfs:seeAlso": {
                    "@id": "https://link.springer.com/article/10.1007/s12192-021-01223-3"
                }
            }
        ]
    }
    {
        "@context": {
            "rdf": "http://www.w3.org/1999/02/22-rdf-syntax-ns#",
            "rdfs": "http://www.w3.org/2000/01/rdf-schema#",
            "biolink": "https://w3id.org/biolink/vocab/",
            "infores": "https://w3id.org/biolink/infores/",
            "dct": "http://purl.org/dc/terms/"
        },
        "@graph": [
            {
                "@id": "https://w3id.org/biolink/infores/knowledge-collaboratory",
                "@type": "biolink:InformationResource",
                "biolink:category": "biolink:InformationResource",
                "biolink:id": "infores:knowledge-collaboratory"
            }
        ],
        "@annotations": {
            "@context": {
                "tao": "http://pubannotation.org/ontology/tao.owl#",
                "rdfs": "http://www.w3.org/2000/01/rdf-schema#"
            },
            "@graph": [
                {
                    "@id": "http://purl.org/nanopub/temp/np#document",
                    "@type": "tao:document_text",
                    "tao:has_value": "DNAJC4 has names HSPF2, MCG18. DNAJC4 is located in Intracellular. DNAJC4 subcellular location is Membrane. DNAJC4 has length 249 aa. DNAJC4 has mass 28.2 kDA.\nDNAJC5 has names CLN4, DNAJC5A, FLJ00118, FLJ13070. DNAJC5 is located in Membrane. DNAJC5 subcellular location is Golgi apparatus, plasma membrane and additionally in vesicles. DNAJC5 has length 198 aa. DNAJC5 has mass 22.1 kDA.\nDNAJC5B has names CSP-beta, MGC26226. DNAJC5B is located in Intracellular. DNAJC5B subcellular location is Membrane. DNAJC5B has length 199 aa. DNAJC5B has mass 22.5 kDA.\nDNAJC5G has names CSP-gamma, FLJ40417. DNAJC5G is located in Membrane. DNAJC5G subcellular location is Membrane. DNAJC5G has length 189 aa. DNAJC5G has mass 21.4 kDA.\nDNAJC6 has names KIAA0473, PARK19. DNAJC6 is located in Intracellular. DNAJC6 subcellular location is Cytosol and additionally in nucleoplasm, plasma membrane. DNAJC6 has length 970 aa. DNAJC6 has mass 105.7 kDA.\nDNAJC7 has names TPR2, TTC2. DNAJC7 is located in Intracellular. DNAJC7 subcellular location is Nucleoplasm and additionally in cytosol. DNAJC7 has length 494 aa. DNAJC7 has mass 56.4 kDA.\nDNAJC8 has names SPF31. DNAJC8 is located in Intracellular. DNAJC8 subcellular location is Nucleoplasm. DNAJC8 has length 253 aa. DNAJC8 has mass 29.8 kDA.\nDNAJC9 has names JDD1, SB73. DNAJC9 is located in Intracellular. DNAJC9 subcellular location is Nucleoplasm and additionally in plasma membrane. DNAJC9 has length 260 aa. DNAJC9 has mass 29.9 kDA.\nDNAJC10 has names ERdj5, PDIA19. DNAJC10 is located in Membrane. DNAJC10 subcellular location is Endoplasmic reticulum. DNAJC10 has length 793 aa. DNAJC10 has mass 91.1 kDA.\nDNAJC11 has names FLJ10737. DNAJC11 is located in Intracellular. DNAJC11 subcellular location is Mitochondrial. DNAJC11 has length 559 aa. DNAJC11 has mass 63.3 kDA.\nDNAJC12 has names JDP1. DNAJC12 is located in Intracellular. DNAJC12 subcellular location is Cytosol. DNAJC12 has length 198 aa. DNAJC12 has mass 23.4 kDA.\nDNAJC13 has names KIAA0678, RME8. DNAJC13 is located in Membrane. DNAJC13 subcellular location is Vesicles and additionally in cytosol. DNAJC13 has length 2243 aa. DNAJC13 has mass 254.4 kDA.\nDNAJC14 has names DNAJ, DRIP78, FLJ32792, HDJ3, LIP6. DNAJC14 is located in Intracellular. DNAJC14 subcellular location is Endoplasmic reticulum membrane. DNAJC14 has length 702 aa. DNAJC14 has mass 78.6 kDA.\nDNAJC15 has names DNAJD1, MCJ. DNAJC15 is located in Membrane. DNAJC15 subcellular location is Mitochondrial membrane. DNAJC15 has length 150 aa. DNAJC15 has mass 16.4 kDA.\nDNAJC16 has names KIAA0962. DNAJC16 is located in Membrane. DNAJC16 subcellular location is Vesicles. DNAJC16 has length 782 aa. DNAJC16 has mass 90.6 kDA.\nDNAJC17 has names FLJ10634. DNAJC17 is located in Intracellular. DNAJC17 subcellular location is Nucleoplasm. DNAJC17 has length 304 aa. DNAJC17 has mass 34.7 kDA.\nDNAJC18 has names MGC29463. DNAJC18 is located in Intracellular. DNAJC18 subcellular location is Cell Junctions and additionally in cytosol. DNAJC18 has length 358 aa. DNAJC18 has mass 41.6 kDA.\nDNAJC19 has names Pam18, Tim14, TIMM14. DNAJC19 is located in Membrane. DNAJC19 subcellular location is Mitochondrial membrane. DNAJC19 has length 116 aa. DNAJC19 has mass 12.5 kDA.\nDNAJC20 has names DNAJC20, HSC20, Jac1. DNAJC20 is located in Intracellular. DNAJC20 subcellular location is Nucleoplasm, mitochondria, cytosol. DNAJC20 has length 235 aa. DNAJC20 has mass 27.4 kDA.",
                    "rdfs:seeAlso": {
                        "@id": "https://link.springer.com/article/10.1007/s12192-021-01223-3"
                    }
                }
            ]
        }
    }
    {
        "@context": {
            "rdf": "http://www.w3.org/1999/02/22-rdf-syntax-ns#",
            "rdfs": "http://www.w3.org/2000/01/rdf-schema#",
            "biolink": "https://w3id.org/biolink/vocab/",
            "infores": "https://w3id.org/biolink/infores/",
            "dct": "http://purl.org/dc/terms/"
        },
        "@graph": [
            {
                "@id": "https://w3id.org/biolink/infores/knowledge-collaboratory",
                "@type": "biolink:InformationResource",
                "biolink:category": "biolink:InformationResource",
                "biolink:id": "infores:knowledge-collaboratory"
            }
        ],
        "@annotations": {
            "@context": {
                "tao": "http://pubannotation.org/ontology/tao.owl#",
                "rdfs": "http://www.w3.org/2000/01/rdf-schema#"
            },
            "@graph": [
                {
                    "@id": "http://purl.org/nanopub/temp/np#document",
                    "@type": "tao:document_text",
                    "tao:has_value": "\nDNAJC21 has names DNAJA5, GS3, JJJ1. DNAJC21 is located in Intracellular. DNAJC21 subcellular location is Nucleus, nucleoli, cytosol. DNAJC21 has length 576 aa. DNAJC21 has mass 67.1 kDA.\nDNAJC22 has names FLJ13236, wus. DNAJC22 is located in Membrane. DNAJC22 subcellular location is Vesicles. DNAJC22 has length 341 aa. DNAJC22 has mass 38.1 kDA.\nDNAJC23 has names SEC63, ERdj2, PRO2507, SEC63L. DNAJC23 is located in Membrane. DNAJC23 subcellular location is Endoplasmic reticulum. DNAJC23 has length 760 aa. DNAJC23 has mass 88 kDA.\nDNAJC24 has names DPH4, JJJ3, ZCSL3. DNAJC24 is located in Intracellular. DNAJC24 subcellular location is Cytosol. DNAJC24 has length 149 aa. DNAJC24 has mass 17.1 kDA.\nDNAJC25 has names bA16L21.2.1. DNAJC25 is located in Membrane. DNAJC25 subcellular location is Nucleoplasm and additionally in cytosol. DNAJC25 has length 360 aa. DNAJC25 has mass 42.4 kDA.\nDNAJC26 has names GAK (cyclin G–associated kinase. DNAJC26 is located in Intracellular. DNAJC26 subcellular location is Golgi apparatus and additionally in vesicles. DNAJC26 has length 1311 aa. DNAJC26 has mass 143.2 kDA.\nDNAJC27 has names RabJS, RBJ. DNAJC27 is located in Intracellular. DNAJC27 subcellular location is Nucleoplasm and additionally in cytosol. DNAJC27 has length 273 aa. DNAJC27 has mass 30.9 kDA.\nDNAJC28 has names C21orf55, C21orf78. DNAJC28 is located in Intracellular. DNAJC28 subcellular location is Golgi transport complex. DNAJC28 has length 388 aa. DNAJC28 has mass 45.8 kDA.\nDNAJC29 has names SACS, ARSACS, DKFZp686B15167, KIAA0730, PPP1R138, SPAX6. DNAJC29 is located in Intracellular. DNAJC29 subcellular location is Cytosol. DNAJC29 has length 4579 aa. DNAJC29 has mass 521.1 kDA.\nDNAJC30 has names WBSCR18. DNAJC30 is located in Membrane. DNAJC30 subcellular location is Mitochondrial membrane. DNAJC30 has length 226 aa. DNAJC30 has mass 26 kDA.\nChaperonins/HSP60/HSPD has names . Chaperonins/HSP60/HSPD is located in . Chaperonins/HSP60/HSPD subcellular location is . Chaperonins/HSP60/HSPD has length aa. Chaperonins/HSP60/HSPD has mass kDA.\nHSPD1 has names HLD4, CPN60, GROEL, HSP60, HSPD1, HSP65, SPG13, HSP-60, HuCHA60. HSPD1 is located in Intracellular. HSPD1 subcellular location is Mitochondria. HSPD1 has length 573 aa. HSPD1 has mass 61 kDA.\nCCT1 has names TCP1, CCTA, CCT-alpha, TCP-1-alpha, D6S230E. CCT1 is located in Intracellular. CCT1 subcellular location is Cytosol, centrosome. CCT1 has length 556 aa. CCT1 has mass 60 kDA.",
                    "rdfs:seeAlso": {
                        "@id": "https://link.springer.com/article/10.1007/s12192-021-01223-3"
                    }
                }
            ]
        }
        {
            "@context": {
                "rdf": "http://www.w3.org/1999/02/22-rdf-syntax-ns#",
                "rdfs": "http://www.w3.org/2000/01/rdf-schema#",
                "biolink": "https://w3id.org/biolink/vocab/",
                "infores": "https://w3id.org/biolink/infores/",
                "dct": "http://purl.org/dc/terms/"
            },
            "@graph": [
                {
                    "@id": "https://w3id.org/biolink/infores/knowledge-collaboratory",
                    "@type": "biolink:InformationResource",
                    "biolink:category": "biolink:InformationResource",
                    "biolink:id": "infores:knowledge-collaboratory"
                }
            ],
            "@annotations": {
                "@context": {
                    "tao": "http://pubannotation.org/ontology/tao.owl#",
                    "rdfs": "http://www.w3.org/2000/01/rdf-schema#"
                },
                "@graph": [
                    {
                        "@id": "http://purl.org/nanopub/temp/np#document",
                        "@type": "tao:document_text",
                        "tao:has_value": "CCT2 has names CCTB, CCT-beta, TCP-1-beta, HEL-S-100n, 99D8.1, PRO1633. CCT2 is located in Intracellular. CCT2 subcellular location is Cytosol. CCT2 has length 535 aa. CCT2 has mass 57 kDA.\nCCT3 has names CCTG, CCT-gamma, TCP-1-gamma, TRiC5, PIG48. CCT3 is located in Intracellular. CCT3 subcellular location is Plasma membrane, cytosol. CCT3 has length 545 aa. CCT3 has mass 61 kDA.\nCCT4 has names CCTD, CCT-delta, TCP-1-delta, SRB. CCT4 is located in Intracellular. CCT4 subcellular location is Cytosol and additionally in nucleoplasm. CCT4 has length 539 aa. CCT4 has mass 58 kDA.\nCCT5 has names CCTE, CCT-epsilon, TCP-1-epsilon, KIAA0098, HEL-S-69, PNAS-102. CCT5 is located in Intracellular. CCT5 subcellular location is Cytoplasm and cytoskeleton. CCT5 has length 541 aa. CCT5 has mass 60 kDA.\nCCT6A has names CCT6, CCTZ, CCT-zeta, CCT-zeta1, TCP-1-zeta, HTR3, TCP20, TTCP20. CCT6A is located in Intracellular. CCT6A subcellular location is Cytosol. CCT6A has length 531 aa. CCT6A has mass 58 kDA.\nCCT6B has names CCTZ2, CCT-zeta2, TSA303. CCT6B is located in Intracellular. CCT6B subcellular location is Cytosol. CCT6B has length 530 aa. CCT6B has mass 58 kDA.\nCCT7 has names CCTH, CCT-eta, TCP-1-eta, NIP7-1. CCT7 is located in Intracellular. CCT7 subcellular location is Cytosol. CCT7 has length 543 aa. CCT7 has mass 59 kDA.\nCCT8 has names CCTQ, CCT-theta, TCP-1-theta, KIAA002, PRED71. CCT8 is located in Intracellular. CCT8 subcellular location is Intermediate filaments and additionally in cytosol, nucleoplasm. CCT8 has length 548 aa. CCT8 has mass 60 kDA.\nHSP70/HSPA has names . HSP70/HSPA is located in . HSP70/HSPA subcellular location is . HSP70/HSPA has length aa. HSP70/HSPA has mass kDA.\nHSPA1A has names HSP70.1, HSP70-1, HSP72, HSPA1, HSX70. HSPA1A is located in Intracellular. HSPA1A subcellular location is Nucleoplasm, vesicles and additionally in cytosol. HSPA1A has length 641 aa. HSPA1A has mass 70 kDA.\nHSPA1B has names HSP70.2, HSP70-2, HSP72, HSPA1, HSX70. HSPA1B is located in Intracellular. HSPA1B subcellular location is Nucleoplasm, vesicles and additionally in cytosol. HSPA1B has length 641 aa. HSPA1B has mass 70 kDA.\nHSPA1L has names HSP70-HOM, Hum70t, HSP70-1L. HSPA1L is located in Intracellular. HSPA1L subcellular location is Vesicles and additionally in nucleoplasm. HSPA1L has length 641 aa. HSPA1L has mass 70 kDA.\nHSPA2 has names HSP70-2, HSP70-3. HSPA2 is located in Intracellular. HSPA2 subcellular location is Vesicles and additionally in nucleoplasm. HSPA2 has length 639 aa. HSPA2 has mass 70 kDA.\nHSPA5 has names BiP, GRP78, MIF2. HSPA5 is located in Intracellular. HSPA5 subcellular location is Cytosol. HSPA5 has length 654 aa. HSPA5 has mass 72 kDA.\nHSPA6 has names HSP70B'. HSPA6 is located in Intracellular. HSPA6 subcellular location is Vesicles and additionally in nucleoplasm. HSPA6 has length 643 aa. HSPA6 has mass 71 kDA.\nHSPA8 has names HSC70, HSP73, HSC71, HSPA10. HSPA8 is located in Intracellular. HSPA8 subcellular location is Nucleoplasm and additionally in vesicles. HSPA8 has length 646 aa. HSPA8 has mass 71 kDA.",
                        "rdfs:seeAlso": {
                            "@id": "https://link.springer.com/article/10.1007/s12192-021-01223-3"
                        }
                    }
                ]
            }

        }
    }

}

