{
    "@context": {
        "rdf": "http://www.w3.org/1999/02/22-rdf-syntax-ns#",
        "rdfs": "http://www.w3.org/2000/01/rdf-schema#",
        "biolink": "https://w3id.org/biolink/vocab/",
        "infores": "https://w3id.org/biolink/infores/",
        "dct": "http://purl.org/dc/terms/"
    },
    "@graph": [
        {
            "@id": "https://w3id.org/biolink/infores/knowledge-collaboratory",
            "@type": "biolink:InformationResource",
            "biolink:category": "biolink:InformationResource",
            "biolink:id": "infores:knowledge-collaboratory"
        },
        {
            "@id": "https://dailymed.nhttps://link.springer.com/article/10.1007/s12192-021-01223-3lm.nih.gov/dailymed/drugInfo.cfm?setid=acbce0e8-5098-4785-943b-8bdb5ff17fab",
            "@type": "biolink:Publication",
            "biolink:category": "biolink:Publication",
            "biolink:id": "https://dailymed.nhttps://link.springer.com/article/10.1007/s12192-021-01223-3lm.nih.gov/dailymed/drugInfo.cfm?setid=acbce0e8-5098-4785-943b-8bdb5ff17fab"
        },
        {
            "@type": "biolink:Association",
            "biolink:category": "biolink:Association",
            "rdf:subject": {
                "@id": "http://identifiers.org/uniprot/Q5EBG6"
            },
            "rdf:predicate": {
                "@id": "https://w3id.org/biolink/vocab/located_in"
            },
            "rdf:object": {
                "@id": "http://purl.obolibrary.org/obo/GO_0005622"
            },
            "biolink:id": "collaboratory:UniProtKB:Q5EBG6-biolink:located_in-GO:0005622",
            "biolink:aggregator_knowledge_source": {
                "@id": "infores:knowledge-collaboratory"
            },
            "https://w3id.org/biolink/vocab/publications": {
                "@id": "https://dailymed.nhttps://link.springer.com/article/10.1007/s12192-021-01223-3lm.nih.gov/dailymed/drugInfo.cfm?setid=acbce0e8-5098-4785-943b-8bdb5ff17fab"
            }
        },
        {
            "@id": "https://dailymed.nhttps://link.springer.com/article/10.1007/s12192-021-01223-3lm.nih.gov/dailymed/drugInfo.cfm?setid=acbce0e8-5098-4785-943b-8bdb5ff17fab",
            "@type": "biolink:Publication",
            "biolink:category": "biolink:Publication",
            "biolink:id": "https://dailymed.nhttps://link.springer.com/article/10.1007/s12192-021-01223-3lm.nih.gov/dailymed/drugInfo.cfm?setid=acbce0e8-5098-4785-943b-8bdb5ff17fab"
        },
        {
            "@type": "biolink:Association",
            "biolink:category": "biolink:Association",
            "rdf:subject": {
                "@id": "http://purl.obolibrary.org/obo/GO_0005622"
            },
            "rdf:predicate": {
                "@id": "https://w3id.org/biolink/vocab/located_in"
            },
            "rdf:object": {
                "@id": "http://purl.obolibrary.org/obo/CL_0000000"
            },
            "biolink:id": "collaboratory:GO:0005622-biolink:located_in-CL:0000000",
            "biolink:aggregator_knowledge_source": {
                "@id": "infores:knowledge-collaboratory"
            },
            "https://w3id.org/biolink/vocab/publications": {
                "@id": "https://dailymed.nhttps://link.springer.com/article/10.1007/s12192-021-01223-3lm.nih.gov/dailymed/drugInfo.cfm?setid=acbce0e8-5098-4785-943b-8bdb5ff17fab"
            }
        },
        {
            "@id": "https://dailymed.nhttps://link.springer.com/article/10.1007/s12192-021-01223-3lm.nih.gov/dailymed/drugInfo.cfm?setid=acbce0e8-5098-4785-943b-8bdb5ff17fab",
            "@type": "biolink:Publication",
            "biolink:category": "biolink:Publication",
            "biolink:id": "https://dailymed.nhttps://link.springer.com/article/10.1007/s12192-021-01223-3lm.nih.gov/dailymed/drugInfo.cfm?setid=acbce0e8-5098-4785-943b-8bdb5ff17fab"
        },
        {
            "@type": "biolink:Association",
            "biolink:category": "biolink:Association",
            "rdf:subject": {
                "@id": "http://purl.obolibrary.org/obo/CL_0000000"
            },
            "rdf:predicate": {
                "@id": "https://w3id.org/biolink/vocab/located_in"
            },
            "rdf:object": {
                "@id": "http://identifiers.org/umls/C1167395"
            },
            "biolink:id": "collaboratory:CL:0000000-biolink:located_in-UMLS:C1167395",
            "biolink:aggregator_knowledge_source": {
                "@id": "infores:knowledge-collaboratory"
            },
            "https://w3id.org/biolink/vocab/publications": {
                "@id": "https://dailymed.nhttps://link.springer.com/article/10.1007/s12192-021-01223-3lm.nih.gov/dailymed/drugInfo.cfm?setid=acbce0e8-5098-4785-943b-8bdb5ff17fab"
            }
        },
        {
            "@id": "https://dailymed.nhttps://link.springer.com/article/10.1007/s12192-021-01223-3lm.nih.gov/dailymed/drugInfo.cfm?setid=acbce0e8-5098-4785-943b-8bdb5ff17fab",
            "@type": "biolink:Publication",
            "biolink:category": "biolink:Publication",
            "biolink:id": "https://dailymed.nhttps://link.springer.com/article/10.1007/s12192-021-01223-3lm.nih.gov/dailymed/drugInfo.cfm?setid=acbce0e8-5098-4785-943b-8bdb5ff17fab"
        },
        {
            "@type": "biolink:Association",
            "biolink:category": "biolink:Association",
            "rdf:subject": {
                "@id": "http://identifiers.org/umls/C1167395"
            },
            "rdf:predicate": {
                "@id": "https://w3id.org/biolink/vocab/located_in"
            },
            "rdf:object": {
                "@id": "http://purl.obolibrary.org/obo/NCBITaxon_9606"
            },
            "biolink:id": "collaboratory:UMLS:C1167395-biolink:located_in-NCBITaxon:9606",
            "biolink:aggregator_knowledge_source": {
                "@id": "infores:knowledge-collaboratory"
            },
            "https://w3id.org/biolink/vocab/publications": {
                "@id": "https://dailymed.nhttps://link.springer.com/article/10.1007/s12192-021-01223-3lm.nih.gov/dailymed/drugInfo.cfm?setid=acbce0e8-5098-4785-943b-8bdb5ff17fab"
            }
        },
        {
            "@id": "https://dailymed.nhttps://link.springer.com/article/10.1007/s12192-021-01223-3lm.nih.gov/dailymed/drugInfo.cfm?setid=acbce0e8-5098-4785-943b-8bdb5ff17fab",
            "@type": "biolink:Publication",
            "biolink:category": "biolink:Publication",
            "biolink:id": "https://dailymed.nhttps://link.springer.com/article/10.1007/s12192-021-01223-3lm.nih.gov/dailymed/drugInfo.cfm?setid=acbce0e8-5098-4785-943b-8bdb5ff17fab"
        },
        {
            "@type": "biolink:Association",
            "biolink:category": "biolink:Association",
            "rdf:subject": {
                "@id": "http://identifiers.org/uniprot/Q5EBG6"
            },
            "rdf:predicate": {
                "@id": "https://w3id.org/biolink/vocab/subcellular_location"
            },
            "rdf:object": {
                "@id": "http://identifiers.org/umls/C1383501"
            },
            "biolink:id": "collaboratory:UniProtKB:Q5EBG6-biolink:subcellular_location-UMLS:C1383501",
            "biolink:aggregator_knowledge_source": {
                "@id": "infores:knowledge-collaboratory"
            },
            "https://w3id.org/biolink/vocab/publications": {
                "@id": "https://dailymed.nhttps://link.springer.com/article/10.1007/s12192-021-01223-3lm.nih.gov/dailymed/drugInfo.cfm?setid=acbce0e8-5098-4785-943b-8bdb5ff17fab"
            }
        },
        {
            "@id": "http://identifiers.org/uniprot/Q5EBG6",
            "@type": "biolink:GeneProduct",
            "biolink:id": "UniProtKB:Q5EBG6",
            "biolink:category": "biolink:GeneProduct",
            "rdfs:label": "HSPB6"
        },
        {
            "@id": "http://identifiers.org/ncbigene/126393",
            "@type": "biolink:Gene",
            "biolink:id": "NCBIGene:126393",
            "biolink:category": "biolink:Gene",
            "rdfs:label": "PPP1R91"
        },
        {
            "@id": "http://identifiers.org/ncbigene/126393",
            "@type": "biolink:Gene",
            "biolink:id": "NCBIGene:126393",
            "biolink:category": "biolink:Gene",
            "rdfs:label": "FLJ32389"
        },
        {
            "@id": "http://identifiers.org/ncbigene/126393",
            "@type": "biolink:GeneProduct",
            "biolink:id": "NCBIGene:126393",
            "biolink:category": "biolink:GeneProduct",
            "rdfs:label": "HSP20"
        },
        {
            "@id": "http://purl.obolibrary.org/obo/GO_0005622",
            "@type": "biolink:OrganismTaxon",
            "biolink:id": "GO:0005622",
            "biolink:category": "biolink:OrganismTaxon",
            "rdfs:label": "Intracellular"
        },
        {
            "@id": "http://purl.obolibrary.org/obo/CL_0000000",
            "@type": "biolink:OrganismTaxon",
            "biolink:id": "CL:0000000",
            "biolink:category": "biolink:OrganismTaxon",
            "rdfs:label": "Cell"
        },
        {
            "@id": "http://identifiers.org/umls/C1167395",
            "@type": "biolink:OrganismTaxon",
            "biolink:id": "UMLS:C1167395",
            "biolink:category": "biolink:OrganismTaxon",
            "rdfs:label": "Host"
        },
        {
            "@id": "http://purl.obolibrary.org/obo/NCBITaxon_9606",
            "@type": "biolink:OrganismTaxon",
            "biolink:id": "NCBITaxon:9606",
            "biolink:category": "biolink:OrganismTaxon",
            "rdfs:label": "Human"
        },
        {
            "@id": "http://identifiers.org/umls/C1383501",
            "@type": "biolink:OrganismTaxon",
            "biolink:id": "UMLS:C1383501",
            "biolink:category": "biolink:OrganismTaxon",
            "rdfs:label": "Cytosol"
        },
        {
            "@id": "http://identifiers.org/unii/EA6MNS8JXJ",
            "@type": "biolink:OrganismTaxon",
            "biolink:id": "UNII:EA6MNS8JXJ",
            "biolink:category": "biolink:OrganismTaxon",
            "rdfs:label": "nucleoli"
        },
        {
            "@id": "http://id.nlm.nih.gov/mesh/D006056",
            "@type": "biolink:OrganismTaxon",
            "biolink:id": "MESH:D006056",
            "biolink:category": "biolink:OrganismTaxon",
            "rdfs:label": "Golgi apparatus"
        },
        {
            "@id": "http://id.nlm.nih.gov/mesh/C072591",
            "@type": "biolink:ChemicalEntity",
            "biolink:id": "MESH:C072591",
            "biolink:category": "biolink:ChemicalEntity",
            "rdfs:label": "160 aa"
        },
        {
            "@id": "http://identifiers.org/ncbigene/94274",
            "@type": "biolink:ChemicalEntity",
            "biolink:id": "NCBIGene:94274",
            "biolink:category": "biolink:ChemicalEntity",
            "rdfs:label": "17 kDA"
        },
        {
            "@id": "http://identifiers.org/uniprot/P35385",
            "@type": "biolink:GeneProduct",
            "biolink:id": "UniProtKB:P35385",
            "biolink:category": "biolink:GeneProduct",
            "rdfs:label": "HSPB7"
        },
        {
            "@id": "http://identifiers.org/uniprot/P35385",
            "@type": "biolink:Gene",
            "biolink:id": "UniProtKB:P35385",
            "biolink:category": "biolink:Gene",
            "rdfs:label": "CvHSP"
        },
        {
            "@id": "http://identifiers.org/umls/C0682537",
            "@type": "biolink:OrganismTaxon",
            "biolink:id": "UMLS:C0682537",
            "biolink:category": "biolink:OrganismTaxon",
            "rdfs:label": "Nucleoplasm"
        },
        {
            "@id": "http://identifiers.org/umls/C0682537",
            "@type": "biolink:OrganismTaxon",
            "biolink:id": "UMLS:C0682537",
            "biolink:category": "biolink:OrganismTaxon",
            "rdfs:label": "nucleoplasm"
        },
        {
            "@id": "http://purl.obolibrary.org/obo/PR_000028157",
            "@type": "biolink:ChemicalEntity",
            "biolink:id": "PR:000028157",
            "biolink:category": "biolink:ChemicalEntity",
            "rdfs:label": "19 kDA"
        },
        {
            "@id": "http://identifiers.org/uniprot/Q9EPX0",
            "@type": "biolink:GeneProduct",
            "biolink:id": "UniProtKB:Q9EPX0",
            "biolink:category": "biolink:GeneProduct",
            "rdfs:label": "HSPB8"
        },
        {
            "@id": "http://identifiers.org/uniprot/Q9EPX0",
            "@type": "biolink:Gene",
            "biolink:id": "UniProtKB:Q9EPX0",
            "biolink:category": "biolink:Gene",
            "rdfs:label": "CRYAC"
        },
        {
            "@id": "http://purl.obolibrary.org/obo/PR_000008820",
            "@type": "biolink:Gene",
            "biolink:id": "PR:000008820",
            "biolink:category": "biolink:Gene",
            "rdfs:label": "E2IG1"
        },
        {
            "@id": "http://purl.obolibrary.org/obo/PR_000008820",
            "@type": "biolink:Gene",
            "biolink:id": "PR:000008820",
            "biolink:category": "biolink:Gene",
            "rdfs:label": "PP1629"
        },
        {
            "@id": "http://purl.obolibrary.org/obo/MONDO_0012096",
            "@type": "biolink:Gene",
            "biolink:id": "MONDO:0012096",
            "biolink:category": "biolink:Gene",
            "rdfs:label": "CMT2L"
        },
        {
            "@id": "http://id.nlm.nih.gov/mesh/D000088202",
            "@type": "biolink:OrganismTaxon",
            "biolink:id": "MESH:D000088202",
            "biolink:category": "biolink:OrganismTaxon",
            "rdfs:label": "nuclear bodies"
        },
        {
            "@id": "http://purl.obolibrary.org/obo/NCBITaxon_1983391",
            "@type": "biolink:ChemicalEntity",
            "biolink:id": "NCBITaxon:1983391",
            "biolink:category": "biolink:ChemicalEntity",
            "rdfs:label": "196 aa"
        },
        {
            "@id": "http://purl.obolibrary.org/obo/PR_000007534",
            "@type": "biolink:ChemicalEntity",
            "biolink:id": "PR:000007534",
            "biolink:category": "biolink:ChemicalEntity",
            "rdfs:label": "22 kDA"
        },
        {
            "@id": "http://purl.obolibrary.org/obo/PR_000008821",
            "@type": "biolink:GeneProduct",
            "biolink:id": "PR:000008821",
            "biolink:category": "biolink:GeneProduct",
            "rdfs:label": "HSPB9"
        },
        {
            "@id": "http://purl.obolibrary.org/obo/PR_000008821",
            "@type": "biolink:Gene",
            "biolink:id": "PR:000008821",
            "biolink:category": "biolink:Gene",
            "rdfs:label": "CT51"
        },
        {
            "@id": "http://identifiers.org/pubchem.compound/25216475",
            "@type": "biolink:ChemicalEntity",
            "biolink:id": "PUBCHEM.COMPOUND:25216475",
            "biolink:category": "biolink:ChemicalEntity",
            "rdfs:label": "159 aa"
        },
        {
            "@id": "http://purl.obolibrary.org/obo/PR_000011597",
            "@type": "biolink:GeneProduct",
            "biolink:id": "PR:000011597",
            "biolink:category": "biolink:GeneProduct",
            "rdfs:label": "HSPB10"
        },
        {
            "@id": "http://purl.obolibrary.org/obo/PR_000011597",
            "@type": "biolink:Gene",
            "biolink:id": "PR:000011597",
            "biolink:category": "biolink:Gene",
            "rdfs:label": "ODF1"
        },
        {
            "@id": "http://identifiers.org/ncbigene/4956",
            "@type": "biolink:Gene",
            "biolink:id": "NCBIGene:4956",
            "biolink:category": "biolink:Gene",
            "rdfs:label": "CT133"
        },
        {
            "@id": "http://identifiers.org/uniprot/P21769",
            "@type": "biolink:Gene",
            "biolink:id": "UniProtKB:P21769",
            "biolink:category": "biolink:Gene",
            "rdfs:label": "ODF27"
        },
        {
            "@id": "http://identifiers.org/ncbigene/4956",
            "@type": "biolink:Gene",
            "biolink:id": "NCBIGene:4956",
            "biolink:category": "biolink:Gene",
            "rdfs:label": "ODFPG"
        },
        {
            "@id": "http://purl.obolibrary.org/obo/PR_000011597",
            "@type": "biolink:Gene",
            "biolink:id": "PR:000011597",
            "biolink:category": "biolink:Gene",
            "rdfs:label": "ODFP"
        }
    ],
    "@annotations": {
        "@context": {
            "tao": "http://pubannotation.org/ontology/tao.owl#",
            "rdfs": "http://www.w3.org/2000/01/rdf-schema#"
        },
        "@graph": [
            {
                "@id": "http://purl.org/nanopub/temp/np#document",
                "@type": "tao:document_text",
                "tao:has_value": "HSPB6 has names PPP1R91, FLJ32389, and HSP20. \nHSPB6 is located in Intracellular. \nIntracellular is located in Cell.\nCell is located in Host.\nHost is located in Human.\nHSPB6 subcellular location is Cytosol and additionally in nucleoli, Golgi apparatus. \nHSPB6 has length 160 aa. \nHSPB6 has mass 17 kDA.\nHSPB7 has names CvHSP. \nHSPB7 is located in Intracellular.\nHSPB7 subcellular location is Nucleoplasm. HSPB7 has length 170 aa. \nHSPB7 has mass 19 kDA.\nHSPB8 has names CRYAC, E2IG1, HSP22, PP1629, and CMT2L. \nHSPB8 is located in Intracellular. \nHSPB8 subcellular location is Cytosol and additionally in nucleoplasm, nuclear bodies. \nHSPB8 has length 196 aa. \nHSPB8 has mass 22 kDA.\nHSPB9 has names CT51. \nHSPB9 is located in Intracellular. \nHSPB9 subcellular location is in cell.\n HSPB9 has length 159 aa. \nHSPB9 has mass 17 kDA.\nHSPB10 has names ODF1, CT133, ODF27, ODFPG, and ODFP.\n HSPB10 is located in Intracellular. \nHSPB10 subcellular location is in cell. \n",
                "rdfs:seeAlso": {
                    "@id": "https://dailymed.nhttps://link.springer.com/article/10.1007/s12192-021-01223-3lm.nih.gov/dailymed/drugInfo.cfm?setid=acbce0e8-5098-4785-943b-8bdb5ff17fab"
                }
            },
            {
                "@type": "tao:text_span",
                "@id": "http://purl.org/nanopub/temp/np#annotation-0:5",
                "tao:begins_at": 0,
                "tao:ends_at": 5,
                "tao:has_value": "HSPB6",
                "tao:denotes": {
                    "@id": "http://identifiers.org/uniprot/Q5EBG6"
                },
                "tao:part_of": {
                    "@id": "http://purl.org/nanopub/temp/np#document"
                }
            },
            {
                "@type": "tao:text_span",
                "@id": "http://purl.org/nanopub/temp/np#annotation-16:23",
                "tao:begins_at": 16,
                "tao:ends_at": 23,
                "tao:has_value": "PPP1R91",
                "tao:denotes": {
                    "@id": "http://identifiers.org/ncbigene/126393"
                },
                "tao:part_of": {
                    "@id": "http://purl.org/nanopub/temp/np#document"
                }
            },
            {
                "@type": "tao:text_span",
                "@id": "http://purl.org/nanopub/temp/np#annotation-25:33",
                "tao:begins_at": 25,
                "tao:ends_at": 33,
                "tao:has_value": "FLJ32389",
                "tao:denotes": {
                    "@id": "http://identifiers.org/ncbigene/126393"
                },
                "tao:part_of": {
                    "@id": "http://purl.org/nanopub/temp/np#document"
                }
            },
            {
                "@type": "tao:text_span",
                "@id": "http://purl.org/nanopub/temp/np#annotation-39:44",
                "tao:begins_at": 39,
                "tao:ends_at": 44,
                "tao:has_value": "HSP20",
                "tao:denotes": {
                    "@id": "http://identifiers.org/ncbigene/126393"
                },
                "tao:part_of": {
                    "@id": "http://purl.org/nanopub/temp/np#document"
                }
            },
            {
                "@type": "tao:text_span",
                "@id": "http://purl.org/nanopub/temp/np#annotation-67:80",
                "tao:begins_at": 67,
                "tao:ends_at": 80,
                "tao:has_value": "Intracellular",
                "tao:denotes": {
                    "@id": "http://purl.obolibrary.org/obo/GO_0005622"
                },
                "tao:part_of": {
                    "@id": "http://purl.org/nanopub/temp/np#document"
                }
            },
            {
                "@type": "tao:text_span",
                "@id": "http://purl.org/nanopub/temp/np#annotation-72:76",
                "tao:begins_at": 72,
                "tao:ends_at": 76,
                "tao:has_value": "Cell",
                "tao:denotes": {
                    "@id": "http://purl.obolibrary.org/obo/CL_0000000"
                },
                "tao:part_of": {
                    "@id": "http://purl.org/nanopub/temp/np#document"
                }
            },
            {
                "@type": "tao:text_span",
                "@id": "http://purl.org/nanopub/temp/np#annotation-136:140",
                "tao:begins_at": 136,
                "tao:ends_at": 140,
                "tao:has_value": "Host",
                "tao:denotes": {
                    "@id": "http://identifiers.org/umls/C1167395"
                },
                "tao:part_of": {
                    "@id": "http://purl.org/nanopub/temp/np#document"
                }
            },
            {
                "@type": "tao:text_span",
                "@id": "http://purl.org/nanopub/temp/np#annotation-161:166",
                "tao:begins_at": 161,
                "tao:ends_at": 166,
                "tao:has_value": "Human",
                "tao:denotes": {
                    "@id": "http://purl.obolibrary.org/obo/NCBITaxon_9606"
                },
                "tao:part_of": {
                    "@id": "http://purl.org/nanopub/temp/np#document"
                }
            },
            {
                "@type": "tao:text_span",
                "@id": "http://purl.org/nanopub/temp/np#annotation-198:205",
                "tao:begins_at": 198,
                "tao:ends_at": 205,
                "tao:has_value": "Cytosol",
                "tao:denotes": {
                    "@id": "http://identifiers.org/umls/C1383501"
                },
                "tao:part_of": {
                    "@id": "http://purl.org/nanopub/temp/np#document"
                }
            },
            {
                "@type": "tao:text_span",
                "@id": "http://purl.org/nanopub/temp/np#annotation-226:234",
                "tao:begins_at": 226,
                "tao:ends_at": 234,
                "tao:has_value": "nucleoli",
                "tao:denotes": {
                    "@id": "http://identifiers.org/unii/EA6MNS8JXJ"
                },
                "tao:part_of": {
                    "@id": "http://purl.org/nanopub/temp/np#document"
                }
            },
            {
                "@type": "tao:text_span",
                "@id": "http://purl.org/nanopub/temp/np#annotation-236:251",
                "tao:begins_at": 236,
                "tao:ends_at": 251,
                "tao:has_value": "Golgi apparatus",
                "tao:denotes": {
                    "@id": "http://id.nlm.nih.gov/mesh/D006056"
                },
                "tao:part_of": {
                    "@id": "http://purl.org/nanopub/temp/np#document"
                }
            },
            {
                "@type": "tao:text_span",
                "@id": "http://purl.org/nanopub/temp/np#annotation-271:277",
                "tao:begins_at": 271,
                "tao:ends_at": 277,
                "tao:has_value": "160 aa",
                "tao:denotes": {
                    "@id": "http://id.nlm.nih.gov/mesh/C072591"
                },
                "tao:part_of": {
                    "@id": "http://purl.org/nanopub/temp/np#document"
                }
            },
            {
                "@type": "tao:text_span",
                "@id": "http://purl.org/nanopub/temp/np#annotation-295:301",
                "tao:begins_at": 295,
                "tao:ends_at": 301,
                "tao:has_value": "17 kDA",
                "tao:denotes": {
                    "@id": "http://identifiers.org/ncbigene/94274"
                },
                "tao:part_of": {
                    "@id": "http://purl.org/nanopub/temp/np#document"
                }
            },
            {
                "@type": "tao:text_span",
                "@id": "http://purl.org/nanopub/temp/np#annotation-303:308",
                "tao:begins_at": 303,
                "tao:ends_at": 308,
                "tao:has_value": "HSPB7",
                "tao:denotes": {
                    "@id": "http://identifiers.org/uniprot/P35385"
                },
                "tao:part_of": {
                    "@id": "http://purl.org/nanopub/temp/np#document"
                }
            },
            {
                "@type": "tao:text_span",
                "@id": "http://purl.org/nanopub/temp/np#annotation-319:324",
                "tao:begins_at": 319,
                "tao:ends_at": 324,
                "tao:has_value": "CvHSP",
                "tao:denotes": {
                    "@id": "http://identifiers.org/uniprot/P35385"
                },
                "tao:part_of": {
                    "@id": "http://purl.org/nanopub/temp/np#document"
                }
            },
            {
                "@type": "tao:text_span",
                "@id": "http://purl.org/nanopub/temp/np#annotation-392:403",
                "tao:begins_at": 392,
                "tao:ends_at": 403,
                "tao:has_value": "Nucleoplasm",
                "tao:denotes": {
                    "@id": "http://identifiers.org/umls/C0682537"
                },
                "tao:part_of": {
                    "@id": "http://purl.org/nanopub/temp/np#document"
                }
            },
            {
                "@type": "tao:text_span",
                "@id": "http://purl.org/nanopub/temp/np#annotation-392:403",
                "tao:begins_at": 392,
                "tao:ends_at": 403,
                "tao:has_value": "nucleoplasm",
                "tao:denotes": {
                    "@id": "http://identifiers.org/umls/C0682537"
                },
                "tao:part_of": {
                    "@id": "http://purl.org/nanopub/temp/np#document"
                }
            },
            {
                "@type": "tao:text_span",
                "@id": "http://purl.org/nanopub/temp/np#annotation-446:452",
                "tao:begins_at": 446,
                "tao:ends_at": 452,
                "tao:has_value": "19 kDA",
                "tao:denotes": {
                    "@id": "http://purl.obolibrary.org/obo/PR_000028157"
                },
                "tao:part_of": {
                    "@id": "http://purl.org/nanopub/temp/np#document"
                }
            },
            {
                "@type": "tao:text_span",
                "@id": "http://purl.org/nanopub/temp/np#annotation-454:459",
                "tao:begins_at": 454,
                "tao:ends_at": 459,
                "tao:has_value": "HSPB8",
                "tao:denotes": {
                    "@id": "http://identifiers.org/uniprot/Q9EPX0"
                },
                "tao:part_of": {
                    "@id": "http://purl.org/nanopub/temp/np#document"
                }
            },
            {
                "@type": "tao:text_span",
                "@id": "http://purl.org/nanopub/temp/np#annotation-470:475",
                "tao:begins_at": 470,
                "tao:ends_at": 475,
                "tao:has_value": "CRYAC",
                "tao:denotes": {
                    "@id": "http://identifiers.org/uniprot/Q9EPX0"
                },
                "tao:part_of": {
                    "@id": "http://purl.org/nanopub/temp/np#document"
                }
            },
            {
                "@type": "tao:text_span",
                "@id": "http://purl.org/nanopub/temp/np#annotation-477:482",
                "tao:begins_at": 477,
                "tao:ends_at": 482,
                "tao:has_value": "E2IG1",
                "tao:denotes": {
                    "@id": "http://purl.obolibrary.org/obo/PR_000008820"
                },
                "tao:part_of": {
                    "@id": "http://purl.org/nanopub/temp/np#document"
                }
            },
            {
                "@type": "tao:text_span",
                "@id": "http://purl.org/nanopub/temp/np#annotation-491:497",
                "tao:begins_at": 491,
                "tao:ends_at": 497,
                "tao:has_value": "PP1629",
                "tao:denotes": {
                    "@id": "http://purl.obolibrary.org/obo/PR_000008820"
                },
                "tao:part_of": {
                    "@id": "http://purl.org/nanopub/temp/np#document"
                }
            },
            {
                "@type": "tao:text_span",
                "@id": "http://purl.org/nanopub/temp/np#annotation-503:508",
                "tao:begins_at": 503,
                "tao:ends_at": 508,
                "tao:has_value": "CMT2L",
                "tao:denotes": {
                    "@id": "http://purl.obolibrary.org/obo/MONDO_0012096"
                },
                "tao:part_of": {
                    "@id": "http://purl.org/nanopub/temp/np#document"
                }
            },
            {
                "@type": "tao:text_span",
                "@id": "http://purl.org/nanopub/temp/np#annotation-618:632",
                "tao:begins_at": 618,
                "tao:ends_at": 632,
                "tao:has_value": "nuclear bodies",
                "tao:denotes": {
                    "@id": "http://id.nlm.nih.gov/mesh/D000088202"
                },
                "tao:part_of": {
                    "@id": "http://purl.org/nanopub/temp/np#document"
                }
            },
            {
                "@type": "tao:text_span",
                "@id": "http://purl.org/nanopub/temp/np#annotation-652:658",
                "tao:begins_at": 652,
                "tao:ends_at": 658,
                "tao:has_value": "196 aa",
                "tao:denotes": {
                    "@id": "http://purl.obolibrary.org/obo/NCBITaxon_1983391"
                },
                "tao:part_of": {
                    "@id": "http://purl.org/nanopub/temp/np#document"
                }
            },
            {
                "@type": "tao:text_span",
                "@id": "http://purl.org/nanopub/temp/np#annotation-676:682",
                "tao:begins_at": 676,
                "tao:ends_at": 682,
                "tao:has_value": "22 kDA",
                "tao:denotes": {
                    "@id": "http://purl.obolibrary.org/obo/PR_000007534"
                },
                "tao:part_of": {
                    "@id": "http://purl.org/nanopub/temp/np#document"
                }
            },
            {
                "@type": "tao:text_span",
                "@id": "http://purl.org/nanopub/temp/np#annotation-684:689",
                "tao:begins_at": 684,
                "tao:ends_at": 689,
                "tao:has_value": "HSPB9",
                "tao:denotes": {
                    "@id": "http://purl.obolibrary.org/obo/PR_000008821"
                },
                "tao:part_of": {
                    "@id": "http://purl.org/nanopub/temp/np#document"
                }
            },
            {
                "@type": "tao:text_span",
                "@id": "http://purl.org/nanopub/temp/np#annotation-700:704",
                "tao:begins_at": 700,
                "tao:ends_at": 704,
                "tao:has_value": "CT51",
                "tao:denotes": {
                    "@id": "http://purl.obolibrary.org/obo/PR_000008821"
                },
                "tao:part_of": {
                    "@id": "http://purl.org/nanopub/temp/np#document"
                }
            },
            {
                "@type": "tao:text_span",
                "@id": "http://purl.org/nanopub/temp/np#annotation-800:806",
                "tao:begins_at": 800,
                "tao:ends_at": 806,
                "tao:has_value": "159 aa",
                "tao:denotes": {
                    "@id": "http://identifiers.org/pubchem.compound/25216475"
                },
                "tao:part_of": {
                    "@id": "http://purl.org/nanopub/temp/np#document"
                }
            },
            {
                "@type": "tao:text_span",
                "@id": "http://purl.org/nanopub/temp/np#annotation-832:838",
                "tao:begins_at": 832,
                "tao:ends_at": 838,
                "tao:has_value": "HSPB10",
                "tao:denotes": {
                    "@id": "http://purl.obolibrary.org/obo/PR_000011597"
                },
                "tao:part_of": {
                    "@id": "http://purl.org/nanopub/temp/np#document"
                }
            },
            {
                "@type": "tao:text_span",
                "@id": "http://purl.org/nanopub/temp/np#annotation-849:853",
                "tao:begins_at": 849,
                "tao:ends_at": 853,
                "tao:has_value": "ODF1",
                "tao:denotes": {
                    "@id": "http://purl.obolibrary.org/obo/PR_000011597"
                },
                "tao:part_of": {
                    "@id": "http://purl.org/nanopub/temp/np#document"
                }
            },
            {
                "@type": "tao:text_span",
                "@id": "http://purl.org/nanopub/temp/np#annotation-855:860",
                "tao:begins_at": 855,
                "tao:ends_at": 860,
                "tao:has_value": "CT133",
                "tao:denotes": {
                    "@id": "http://identifiers.org/ncbigene/4956"
                },
                "tao:part_of": {
                    "@id": "http://purl.org/nanopub/temp/np#document"
                }
            },
            {
                "@type": "tao:text_span",
                "@id": "http://purl.org/nanopub/temp/np#annotation-862:867",
                "tao:begins_at": 862,
                "tao:ends_at": 867,
                "tao:has_value": "ODF27",
                "tao:denotes": {
                    "@id": "http://identifiers.org/uniprot/P21769"
                },
                "tao:part_of": {
                    "@id": "http://purl.org/nanopub/temp/np#document"
                }
            },
            {
                "@type": "tao:text_span",
                "@id": "http://purl.org/nanopub/temp/np#annotation-869:874",
                "tao:begins_at": 869,
                "tao:ends_at": 874,
                "tao:has_value": "ODFPG",
                "tao:denotes": {
                    "@id": "http://identifiers.org/ncbigene/4956"
                },
                "tao:part_of": {
                    "@id": "http://purl.org/nanopub/temp/np#document"
                }
            },
            {
                "@type": "tao:text_span",
                "@id": "http://purl.org/nanopub/temp/np#annotation-869:873",
                "tao:begins_at": 869,
                "tao:ends_at": 873,
                "tao:has_value": "ODFP",
                "tao:denotes": {
                    "@id": "http://purl.obolibrary.org/obo/PR_000011597"
                },
                "tao:part_of": {
                    "@id": "http://purl.org/nanopub/temp/np#document"
                }
            }
        ]
    }
}