{
    "@context": {
        "rdf": "http://www.w3.org/1999/02/22-rdf-syntax-ns#",
        "rdfs": "http://www.w3.org/2000/01/rdf-schema#",
        "biolink": "https://w3id.org/biolink/vocab/",
        "infores": "https://w3id.org/biolink/infores/",
        "dct": "http://purl.org/dc/terms/"
    },
    "@graph": [
        {
            "@id": "https://w3id.org/biolink/infores/knowledge-collaboratory",
            "@type": "biolink:InformationResource",
            "biolink:category": "biolink:InformationResource",
            "biolink:id": "infores:knowledge-collaboratory"
        },
        {
            "@id": "https://link.springer.com/article/10.1007/s12192-021-01223-3",
            "@type": "biolink:Publication",
            "biolink:category": "biolink:Publication",
            "biolink:id": "https://link.springer.com/article/10.1007/s12192-021-01223-3"
        },
        {
            "@type": "biolink:Association",
            "biolink:category": "biolink:Association",
            "rdf:subject": {
                "@id": "http://identifiers.org/uniprot/P02518"
            },
            "rdf:predicate": {
                "@id": "https://w3id.org/biolink/vocab/has"
            },
            "rdf:object": {
                "@id": "http://purl.obolibrary.org/obo/PR_000025349"
            },
            "biolink:id": "collaboratory:UniProtKB:P02518-biolink:has-PR:000025349",
            "biolink:aggregator_knowledge_source": {
                "@id": "infores:knowledge-collaboratory"
            },
            "https://w3id.org/biolink/vocab/publications": {
                "@id": "https://link.springer.com/article/10.1007/s12192-021-01223-3"
            }
        },
        {
            "@id": "https://link.springer.com/article/10.1007/s12192-021-01223-3",
            "@type": "biolink:Publication",
            "biolink:category": "biolink:Publication",
            "biolink:id": "https://link.springer.com/article/10.1007/s12192-021-01223-3"
        },
        {
            "@type": "biolink:Association",
            "biolink:category": "biolink:Association",
            "rdf:subject": {
                "@id": "http://identifiers.org/umls/C1336952"
            },
            "rdf:predicate": {
                "@id": "https://w3id.org/biolink/vocab/interacts_with"
            },
            "rdf:object": {
                "@id": "http://identifiers.org/umls/C0002257"
            },
            "biolink:id": "collaboratory:UMLS:C1336952-biolink:interacts_with-UMLS:C0002257",
            "biolink:aggregator_knowledge_source": {
                "@id": "infores:knowledge-collaboratory"
            },
            "https://w3id.org/biolink/vocab/publications": {
                "@id": "https://link.springer.com/article/10.1007/s12192-021-01223-3"
            }
        },
        {
            "@id": "https://link.springer.com/article/10.1007/s12192-021-01223-3",
            "@type": "biolink:Publication",
            "biolink:category": "biolink:Publication",
            "biolink:id": "https://link.springer.com/article/10.1007/s12192-021-01223-3"
        },
        {
            "@type": "biolink:Association",
            "biolink:category": "biolink:Association",
            "rdf:subject": {
                "@id": "http://identifiers.org/umls/C0002257"
            },
            "rdf:predicate": {
                "@id": "https://w3id.org/biolink/vocab/activity_affected_by"
            },
            "rdf:object": {
                "@id": "http://purl.obolibrary.org/obo/PR_000025349"
            },
            "biolink:id": "collaboratory:UMLS:C0002257-biolink:activity_affected_by-PR:000025349",
            "biolink:aggregator_knowledge_source": {
                "@id": "infores:knowledge-collaboratory"
            },
            "https://w3id.org/biolink/vocab/publications": {
                "@id": "https://link.springer.com/article/10.1007/s12192-021-01223-3"
            }
        },
        {
            "@id": "https://link.springer.com/article/10.1007/s12192-021-01223-3",
            "@type": "biolink:Publication",
            "biolink:category": "biolink:Publication",
            "biolink:id": "https://link.springer.com/article/10.1007/s12192-021-01223-3"
        },
        {
            "@type": "biolink:Association",
            "biolink:category": "biolink:Association",
            "rdf:subject": {
                "@id": "http://identifiers.org/umls/C0524533"
            },
            "rdf:predicate": {
                "@id": "https://w3id.org/biolink/vocab/located_in"
            },
            "rdf:object": {
                "@id": "http://identifiers.org/umls/C1167395"
            },
            "biolink:id": "collaboratory:UMLS:C0524533-biolink:located_in-UMLS:C1167395",
            "biolink:aggregator_knowledge_source": {
                "@id": "infores:knowledge-collaboratory"
            },
            "https://w3id.org/biolink/vocab/publications": {
                "@id": "https://link.springer.com/article/10.1007/s12192-021-01223-3"
            }
        },
        {
            "@id": "https://link.springer.com/article/10.1007/s12192-021-01223-3",
            "@type": "biolink:Publication",
            "biolink:category": "biolink:Publication",
            "biolink:id": "https://link.springer.com/article/10.1007/s12192-021-01223-3"
        },
        {
            "@type": "biolink:Association",
            "biolink:category": "biolink:Association",
            "rdf:subject": {
                "@id": "http://identifiers.org/umls/C0002257"
            },
            "rdf:predicate": {
                "@id": "https://w3id.org/biolink/vocab/directly_interacts_with"
            },
            "rdf:object": {
                "@id": "http://identifiers.org/umls/C0042736"
            },
            "biolink:id": "collaboratory:UMLS:C0002257-biolink:directly_interacts_with-UMLS:C0042736",
            "biolink:aggregator_knowledge_source": {
                "@id": "infores:knowledge-collaboratory"
            },
            "https://w3id.org/biolink/vocab/publications": {
                "@id": "https://link.springer.com/article/10.1007/s12192-021-01223-3"
            }
        },
        {
            "@id": "http://purl.obolibrary.org/obo/PR_000025349",
            "@type": "biolink:GeneProduct",
            "biolink:id": "PR:000025349",
            "biolink:category": "biolink:GeneProduct",
            "rdfs:label": "sHSP"
        },
        {
            "@id": "http://identifiers.org/umls/C1336952",
            "@type": "biolink:GeneProduct",
            "biolink:id": "UMLS:C1336952",
            "biolink:category": "biolink:GeneProduct",
            "rdfs:label": "C-terminal domain"
        },
        {
            "@id": "http://identifiers.org/umls/C0002257",
            "@type": "biolink:GeneProduct",
            "biolink:id": "UMLS:C0002257",
            "biolink:category": "biolink:GeneProduct",
            "rdfs:label": "Alpha A crystallin"
        },
        {
            "@id": "http://identifiers.org/umls/C0524533",
            "@type": "biolink:GeneProduct",
            "biolink:id": "UMLS:C0524533",
            "biolink:category": "biolink:GeneProduct",
            "rdfs:label": "Alpha B crystallin"
        },
        {
            "@id": "http://identifiers.org/umls/C1167395",
            "@type": "biolink:OrganismTaxon",
            "biolink:id": "UMLS:C1167395",
            "biolink:category": "biolink:OrganismTaxon",
            "rdfs:label": "host"
        },
        {
            "@id": "http://purl.obolibrary.org/obo/CL_0000000",
            "@type": "biolink:Cell",
            "biolink:id": "CL:0000000",
            "biolink:category": "biolink:Cell",
            "rdfs:label": "cell"
        },
        {
            "@id": "http://identifiers.org/uniprot/P04792",
            "@type": "biolink:GeneProduct",
            "biolink:id": "UniProtKB:P04792",
            "biolink:category": "biolink:GeneProduct",
            "rdfs:label": "Heat Shock Protein 27"
        },
        {
            "@id": "http://identifiers.org/uniprot/P02518",
            "@type": "biolink:GeneProduct",
            "biolink:id": "UniProtKB:P02518",
            "biolink:category": "biolink:GeneProduct",
            "rdfs:label": "HSP27"
        },
        {
            "@id": "http://identifiers.org/uniprot/Q16539",
            "@type": "biolink:GeneProduct",
            "biolink:id": "UniProtKB:Q16539",
            "biolink:category": "biolink:GeneProduct",
            "rdfs:label": "p38 MAPK"
        },
        {
            "@id": "http://purl.obolibrary.org/obo/GO_0071620",
            "@type": "biolink:ChemicalEntity",
            "biolink:id": "GO:0071620",
            "biolink:category": "biolink:ChemicalEntity",
            "rdfs:label": "serine residues"
        },
        {
            "@id": "http://purl.obolibrary.org/obo/CHEBI_132554",
            "@type": "biolink:ChemicalEntity",
            "biolink:id": "CHEBI:132554",
            "biolink:category": "biolink:ChemicalEntity",
            "rdfs:label": "oligomers"
        },
        {
            "@id": "http://identifiers.org/kegg.compound/C22381",
            "@type": "biolink:ChemicalEntity",
            "biolink:id": "KEGG.COMPOUND:C22381",
            "biolink:category": "biolink:ChemicalEntity",
            "rdfs:label": "reactive oxygen species"
        },
        {
            "@id": "http://identifiers.org/umls/C0428578",
            "@type": "biolink:ChemicalEntity",
            "biolink:id": "UMLS:C0428578",
            "biolink:category": "biolink:ChemicalEntity",
            "rdfs:label": "iron levels"
        },
        {
            "@id": "http://purl.obolibrary.org/obo/PR_000006283",
            "@type": "biolink:GeneProduct",
            "biolink:id": "PR:000006283",
            "biolink:category": "biolink:GeneProduct",
            "rdfs:label": "DAXX"
        },
        {
            "@id": "http://purl.obolibrary.org/obo/GO_0006915",
            "@type": "biolink:ChemicalEntity",
            "biolink:id": "GO:0006915",
            "biolink:category": "biolink:ChemicalEntity",
            "rdfs:label": "apoptosis"
        },
        {
            "@id": "http://identifiers.org/uniprot/Q07812",
            "@type": "biolink:GeneProduct",
            "biolink:id": "UniProtKB:Q07812",
            "biolink:category": "biolink:GeneProduct",
            "rdfs:label": "Bax"
        },
        {
            "@id": "http://purl.obolibrary.org/obo/NCBITaxon_11676",
            "@type": "biolink:OrganismTaxon",
            "biolink:id": "NCBITaxon:11676",
            "biolink:category": "biolink:OrganismTaxon",
            "rdfs:label": "HIV-1"
        },
        {
            "@id": "http://purl.obolibrary.org/obo/NCIT_C53791",
            "@type": "biolink:Disease",
            "biolink:id": "NCIT:C53791",
            "biolink:category": "biolink:Disease",
            "rdfs:label": "infection"
        },
        {
            "@id": "http://purl.obolibrary.org/obo/NCIT_C12476",
            "@type": "biolink:Cell",
            "biolink:id": "NCIT:C12476",
            "biolink:category": "biolink:Cell",
            "rdfs:label": "T-cell"
        },
        {
            "@id": "http://identifiers.org/umls/C0024264",
            "@type": "biolink:OrganismTaxon",
            "biolink:id": "UMLS:C0024264",
            "biolink:category": "biolink:OrganismTaxon",
            "rdfs:label": "lymphocytic"
        },
        {
            "@id": "http://identifiers.org/umls/C0003323",
            "@type": "biolink:ChemicalEntity",
            "biolink:id": "UMLS:C0003323",
            "biolink:category": "biolink:ChemicalEntity",
            "rdfs:label": "CD4+"
        },
        {
            "@id": "http://id.nlm.nih.gov/mesh/D012333",
            "@type": "biolink:GeneProduct",
            "biolink:id": "MESH:D012333",
            "biolink:category": "biolink:GeneProduct",
            "rdfs:label": "mRNA"
        },
        {
            "@id": "http://id.nlm.nih.gov/mesh/D012333",
            "@type": "biolink:GeneProduct",
            "biolink:id": "MESH:D012333",
            "biolink:category": "biolink:GeneProduct",
            "rdfs:label": "messenger RNA"
        },
        {
            "@id": "http://purl.obolibrary.org/obo/GO_0019835",
            "@type": "biolink:ChemicalEntity",
            "biolink:id": "GO:0019835",
            "biolink:category": "biolink:ChemicalEntity",
            "rdfs:label": "cytolysis"
        },
        {
            "@id": "http://identifiers.org/umls/C0079423",
            "@type": "biolink:GeneProduct",
            "biolink:id": "UMLS:C0079423",
            "biolink:category": "biolink:GeneProduct",
            "rdfs:label": "Vpr"
        },
        {
            "@id": "http://identifiers.org/umls/C0079405",
            "@type": "biolink:GeneProduct",
            "biolink:id": "UMLS:C0079405",
            "biolink:category": "biolink:GeneProduct",
            "rdfs:label": "viral protein R"
        },
        {
            "@id": "http://identifiers.org/uniprot/Q00613",
            "@type": "biolink:GeneProduct",
            "biolink:id": "UniProtKB:Q00613",
            "biolink:category": "biolink:GeneProduct",
            "rdfs:label": "HSF1"
        },
        {
            "@id": "http://id.nlm.nih.gov/mesh/D016827",
            "@type": "biolink:Cell",
            "biolink:id": "MESH:D016827",
            "biolink:category": "biolink:Cell",
            "rdfs:label": "CD8+"
        },
        {
            "@id": "http://identifiers.org/umls/C0054965",
            "@type": "biolink:Cell",
            "biolink:id": "UMLS:C0054965",
            "biolink:category": "biolink:Cell",
            "rdfs:label": "CD57+"
        },
        {
            "@id": "http://identifiers.org/umls/C1442792",
            "@type": "biolink:ChemicalEntity",
            "biolink:id": "UMLS:C1442792",
            "biolink:category": "biolink:ChemicalEntity",
            "rdfs:label": "state"
        },
        {
            "@id": "http://id.nlm.nih.gov/mesh/D000089582",
            "@type": "biolink:ChemicalEntity",
            "biolink:id": "MESH:D000089582",
            "biolink:category": "biolink:ChemicalEntity",
            "rdfs:label": "vaccine adjuvant"
        },
        {
            "@id": "http://purl.obolibrary.org/obo/PR_000022465",
            "@type": "biolink:GeneProduct",
            "biolink:id": "PR:000022465",
            "biolink:category": "biolink:GeneProduct",
            "rdfs:label": "HSP70"
        },
        {
            "@id": "http://identifiers.org/umls/C0042736",
            "@type": "biolink:GeneProduct",
            "biolink:id": "UMLS:C0042736",
            "biolink:category": "biolink:GeneProduct",
            "rdfs:label": "viral proteins"
        },
        {
            "@id": "http://id.nlm.nih.gov/mesh/D002462",
            "@type": "biolink:CellMembrane",
            "biolink:id": "MESH:D002462",
            "biolink:category": "biolink:CellMembrane",
            "rdfs:label": "plasma membrane"
        },
        {
            "@id": "http://identifiers.org/uniprot/P02489",
            "@type": "biolink:GeneProduct",
            "biolink:id": "UniProtKB:P02489",
            "biolink:category": "biolink:GeneProduct",
            "rdfs:label": "HSPB4"
        },
        {
            "@id": "http://purl.obolibrary.org/obo/PR_000005908",
            "@type": "biolink:GeneProduct",
            "biolink:id": "PR:000005908",
            "biolink:category": "biolink:GeneProduct",
            "rdfs:label": "HSPB5"
        },
        {
            "@id": "http://identifiers.org/umls/C0596235",
            "@type": "biolink:ChemicalEntity",
            "biolink:id": "UMLS:C0596235",
            "biolink:category": "biolink:ChemicalEntity",
            "rdfs:label": "calcium ions"
        },
        {
            "@id": "http://identifiers.org/umls/C0917721",
            "@type": "biolink:GeneProduct",
            "biolink:id": "UMLS:C0917721",
            "biolink:category": "biolink:GeneProduct",
            "rdfs:label": "HIV-1 protease"
        },
        {
            "@id": "http://identifiers.org/uniprot/Q9EPX0",
            "@type": "biolink:GeneProduct",
            "biolink:id": "UniProtKB:Q9EPX0",
            "biolink:category": "biolink:GeneProduct",
            "rdfs:label": "HSPB8"
        },
        {
            "@id": "http://identifiers.org/uniprot/Q8UUW7",
            "@type": "biolink:GeneProduct",
            "biolink:id": "UniProtKB:Q8UUW7",
            "biolink:category": "biolink:GeneProduct",
            "rdfs:label": "Sam68"
        }
    ],
    "@annotations": {
        "@context": {
            "tao": "http://pubannotation.org/ontology/tao.owl#",
            "rdfs": "http://www.w3.org/2000/01/rdf-schema#"
        },
        "@graph": [
            {
                "@id": "http://purl.org/nanopub/temp/np#document",
                "@type": "tao:document_text",
                "tao:has_value": "Small HSP have name sHSP\nsHSP have ten HSPB1-10\nHSPB110 are proteins.\nHSPB110 have molecular weight of minimum 15 kDA.\nHSPB110 have molecular weight of maximum 30 kDa.\nHSPB110  have a conserved C-terminal domain.\nC-terminus domain is flexible.\nC-terminus domain has IXI/V motif. \nN-terminus domain has name WDPF domain.\nWDPF domain has amino acid sequence.\nAmino acid sequence is variable.\nAmino acid sequence of WDPF domain has alpha A crystallin genes\nAmino acid sequence of WDPF domain has alpha B crystallin genes. \nAlpha B crystallin genes are in vertebrate eye lens. \n\nAlpha B crystallin is a small HSP. \nAlpha A crystallin confers thermo-resistance to host cells. \nAlpha A crystallin is a molecular chaperone.\nAlpha A crystallin is a major lens protein.  \n\nHeat Shock Protein 27 has name HSP27.\nHSP27 is a small HSP. \nHSP27 is phosphorylated by p38 MAPK. \np38 MAPK is located in serine residues.\nHSP27 forms smaller oligomers.\nHSP27  regulates cellular stress. \nHSP27 regulates oxidative stress.\nHSP27 acts as an antioxidant.\nAntioxidants lower reactive oxygen species.\nHSP27 lowers iron levels.\nHSP27 acts as an anti-apoptotic agent. \nHSP27 binds DAXX.\nDAXX is in Fas-FasL-mediated apoptosis.\nDAXX is in mitochondria-dependent apoptosis.\nHSP27 interacts with cytochrome c.\nHSP27 inhibits Bax.\nHSP27 increases in HIV-1.\nHIV-1 causes infection.\nInfection is located in cell.\nCell is T-cell\nT-cell is lymphocytic.\nT-cell makes CD4+.\nCell is located in host.\nHost is human.\nInfection is disease. \n\nHSP27 is produced by cell.\nHSP27 is produced by  mRNA.\nmRNA has name messenger RNA.\nmRNA declines during HIV-1 synthesis. \nHSP27 increases during cytolysis.\nCytolysis depends on CD4.\nHSP27 inhibit Vpr-induced cell cycle.\nVpr has name viral protein R.\nVpr is produced by HIV-1.\nVpr activates HSP27.\nVpr is mediated by HSF1. \nHSP27 suppresses Vpr.\nVpr inhibits HSP27.\nHSP27 is involved with NF-κB .\nNF-κB is in host cell.\nVpr needs NF-κB.\nNF-κB is used by HIV-1.\nNF-κB is used in virus life cycle.\n\nCD8+ is a lymphocyte.\nA lymphocyte is a host cell.\nCD57+ is a lymphocyte.\nCD8+ expands during HIV infection.\nCD57+ expands during HIV infection.\n\nHSP27 prevents apoptosis.\nApoptosis is a state.\nStates are of cells.\nHSP27 is induced during HIV-1 infection.\n\nHSP27 is a vaccine adjuvant.\n\nHSP70 is a vaccine adjuvant.\nHSP27 interacts with viral proteins.\nHSP70 interacts with viral proteins. \nHSP27 is on surface of plasma membrane.\nHSP70 is on surface of plasma membrane.\n\nHSP27 fuses with NefDNA.\nHSP27-NefDNA make high humoral immune response.\nHSP27-NefDNA make high cellular immune response.\n\nHSPB4 is a alpha crystallin.\nHSPB5 is a alpha crystallins.\nAlpha crystallins bind to calcium ions.\nCalcium ions fold HIV-1 protease.\nHSPB8 is a small HSP. \nHSPB8 regulates Sam68.\nSam68 is a protein.\nSam68 enhances Rev response element–mediated gene expression.\nSam68 enhances Rev response element–mediated viral production. \n\nHSPB8 inhibits Sam68.\nHSPB8 binds with Sam68.\n",
                "rdfs:seeAlso": {
                    "@id": "https://link.springer.com/article/10.1007/s12192-021-01223-3"
                }
            },
            {
                "@type": "tao:text_span",
                "@id": "http://purl.org/nanopub/temp/np#annotation-20:24",
                "tao:begins_at": 20,
                "tao:ends_at": 24,
                "tao:has_value": "sHSP",
                "tao:denotes": {
                    "@id": "http://purl.obolibrary.org/obo/PR_000025349"
                },
                "tao:part_of": {
                    "@id": "http://purl.org/nanopub/temp/np#document"
                }
            },
            {
                "@type": "tao:text_span",
                "@id": "http://purl.org/nanopub/temp/np#annotation-194:211",
                "tao:begins_at": 194,
                "tao:ends_at": 211,
                "tao:has_value": "C-terminal domain",
                "tao:denotes": {
                    "@id": "http://identifiers.org/umls/C1336952"
                },
                "tao:part_of": {
                    "@id": "http://purl.org/nanopub/temp/np#document"
                }
            },
            {
                "@type": "tao:text_span",
                "@id": "http://purl.org/nanopub/temp/np#annotation-429:447",
                "tao:begins_at": 429,
                "tao:ends_at": 447,
                "tao:has_value": "Alpha A crystallin",
                "tao:denotes": {
                    "@id": "http://identifiers.org/umls/C0002257"
                },
                "tao:part_of": {
                    "@id": "http://purl.org/nanopub/temp/np#document"
                }
            },
            {
                "@type": "tao:text_span",
                "@id": "http://purl.org/nanopub/temp/np#annotation-493:511",
                "tao:begins_at": 493,
                "tao:ends_at": 511,
                "tao:has_value": "Alpha B crystallin",
                "tao:denotes": {
                    "@id": "http://identifiers.org/umls/C0524533"
                },
                "tao:part_of": {
                    "@id": "http://purl.org/nanopub/temp/np#document"
                }
            },
            {
                "@type": "tao:text_span",
                "@id": "http://purl.org/nanopub/temp/np#annotation-659:663",
                "tao:begins_at": 659,
                "tao:ends_at": 663,
                "tao:has_value": "host",
                "tao:denotes": {
                    "@id": "http://identifiers.org/umls/C1167395"
                },
                "tao:part_of": {
                    "@id": "http://purl.org/nanopub/temp/np#document"
                }
            },
            {
                "@type": "tao:text_span",
                "@id": "http://purl.org/nanopub/temp/np#annotation-664:668",
                "tao:begins_at": 664,
                "tao:ends_at": 668,
                "tao:has_value": "cell",
                "tao:denotes": {
                    "@id": "http://purl.obolibrary.org/obo/CL_0000000"
                },
                "tao:part_of": {
                    "@id": "http://purl.org/nanopub/temp/np#document"
                }
            },
            {
                "@type": "tao:text_span",
                "@id": "http://purl.org/nanopub/temp/np#annotation-764:785",
                "tao:begins_at": 764,
                "tao:ends_at": 785,
                "tao:has_value": "Heat Shock Protein 27",
                "tao:denotes": {
                    "@id": "http://identifiers.org/uniprot/P04792"
                },
                "tao:part_of": {
                    "@id": "http://purl.org/nanopub/temp/np#document"
                }
            },
            {
                "@type": "tao:text_span",
                "@id": "http://purl.org/nanopub/temp/np#annotation-795:800",
                "tao:begins_at": 795,
                "tao:ends_at": 800,
                "tao:has_value": "HSP27",
                "tao:denotes": {
                    "@id": "http://identifiers.org/uniprot/P02518"
                },
                "tao:part_of": {
                    "@id": "http://purl.org/nanopub/temp/np#document"
                }
            },
            {
                "@type": "tao:text_span",
                "@id": "http://purl.org/nanopub/temp/np#annotation-852:860",
                "tao:begins_at": 852,
                "tao:ends_at": 860,
                "tao:has_value": "p38 MAPK",
                "tao:denotes": {
                    "@id": "http://identifiers.org/uniprot/Q16539"
                },
                "tao:part_of": {
                    "@id": "http://purl.org/nanopub/temp/np#document"
                }
            },
            {
                "@type": "tao:text_span",
                "@id": "http://purl.org/nanopub/temp/np#annotation-886:901",
                "tao:begins_at": 886,
                "tao:ends_at": 901,
                "tao:has_value": "serine residues",
                "tao:denotes": {
                    "@id": "http://purl.obolibrary.org/obo/GO_0071620"
                },
                "tao:part_of": {
                    "@id": "http://purl.org/nanopub/temp/np#document"
                }
            },
            {
                "@type": "tao:text_span",
                "@id": "http://purl.org/nanopub/temp/np#annotation-923:932",
                "tao:begins_at": 923,
                "tao:ends_at": 932,
                "tao:has_value": "oligomers",
                "tao:denotes": {
                    "@id": "http://purl.obolibrary.org/obo/CHEBI_132554"
                },
                "tao:part_of": {
                    "@id": "http://purl.org/nanopub/temp/np#document"
                }
            },
            {
                "@type": "tao:text_span",
                "@id": "http://purl.org/nanopub/temp/np#annotation-1052:1075",
                "tao:begins_at": 1052,
                "tao:ends_at": 1075,
                "tao:has_value": "reactive oxygen species",
                "tao:denotes": {
                    "@id": "http://identifiers.org/kegg.compound/C22381"
                },
                "tao:part_of": {
                    "@id": "http://purl.org/nanopub/temp/np#document"
                }
            },
            {
                "@type": "tao:text_span",
                "@id": "http://purl.org/nanopub/temp/np#annotation-1090:1101",
                "tao:begins_at": 1090,
                "tao:ends_at": 1101,
                "tao:has_value": "iron levels",
                "tao:denotes": {
                    "@id": "http://identifiers.org/umls/C0428578"
                },
                "tao:part_of": {
                    "@id": "http://purl.org/nanopub/temp/np#document"
                }
            },
            {
                "@type": "tao:text_span",
                "@id": "http://purl.org/nanopub/temp/np#annotation-1155:1159",
                "tao:begins_at": 1155,
                "tao:ends_at": 1159,
                "tao:has_value": "DAXX",
                "tao:denotes": {
                    "@id": "http://purl.obolibrary.org/obo/PR_000006283"
                },
                "tao:part_of": {
                    "@id": "http://purl.org/nanopub/temp/np#document"
                }
            },
            {
                "@type": "tao:text_span",
                "@id": "http://purl.org/nanopub/temp/np#annotation-1190:1199",
                "tao:begins_at": 1190,
                "tao:ends_at": 1199,
                "tao:has_value": "apoptosis",
                "tao:denotes": {
                    "@id": "http://purl.obolibrary.org/obo/GO_0006915"
                },
                "tao:part_of": {
                    "@id": "http://purl.org/nanopub/temp/np#document"
                }
            },
            {
                "@type": "tao:text_span",
                "@id": "http://purl.org/nanopub/temp/np#annotation-1296:1299",
                "tao:begins_at": 1296,
                "tao:ends_at": 1299,
                "tao:has_value": "Bax",
                "tao:denotes": {
                    "@id": "http://identifiers.org/uniprot/Q07812"
                },
                "tao:part_of": {
                    "@id": "http://purl.org/nanopub/temp/np#document"
                }
            },
            {
                "@type": "tao:text_span",
                "@id": "http://purl.org/nanopub/temp/np#annotation-1320:1325",
                "tao:begins_at": 1320,
                "tao:ends_at": 1325,
                "tao:has_value": "HIV-1",
                "tao:denotes": {
                    "@id": "http://purl.obolibrary.org/obo/NCBITaxon_11676"
                },
                "tao:part_of": {
                    "@id": "http://purl.org/nanopub/temp/np#document"
                }
            },
            {
                "@type": "tao:text_span",
                "@id": "http://purl.org/nanopub/temp/np#annotation-1340:1349",
                "tao:begins_at": 1340,
                "tao:ends_at": 1349,
                "tao:has_value": "infection",
                "tao:denotes": {
                    "@id": "http://purl.obolibrary.org/obo/NCIT_C53791"
                },
                "tao:part_of": {
                    "@id": "http://purl.org/nanopub/temp/np#document"
                }
            },
            {
                "@type": "tao:text_span",
                "@id": "http://purl.org/nanopub/temp/np#annotation-1389:1395",
                "tao:begins_at": 1389,
                "tao:ends_at": 1395,
                "tao:has_value": "T-cell",
                "tao:denotes": {
                    "@id": "http://purl.obolibrary.org/obo/NCIT_C12476"
                },
                "tao:part_of": {
                    "@id": "http://purl.org/nanopub/temp/np#document"
                }
            },
            {
                "@type": "tao:text_span",
                "@id": "http://purl.org/nanopub/temp/np#annotation-1406:1417",
                "tao:begins_at": 1406,
                "tao:ends_at": 1417,
                "tao:has_value": "lymphocytic",
                "tao:denotes": {
                    "@id": "http://identifiers.org/umls/C0024264"
                },
                "tao:part_of": {
                    "@id": "http://purl.org/nanopub/temp/np#document"
                }
            },
            {
                "@type": "tao:text_span",
                "@id": "http://purl.org/nanopub/temp/np#annotation-1432:1436",
                "tao:begins_at": 1432,
                "tao:ends_at": 1436,
                "tao:has_value": "CD4+",
                "tao:denotes": {
                    "@id": "http://identifiers.org/umls/C0003323"
                },
                "tao:part_of": {
                    "@id": "http://purl.org/nanopub/temp/np#document"
                }
            },
            {
                "@type": "tao:text_span",
                "@id": "http://purl.org/nanopub/temp/np#annotation-1551:1555",
                "tao:begins_at": 1551,
                "tao:ends_at": 1555,
                "tao:has_value": "mRNA",
                "tao:denotes": {
                    "@id": "http://id.nlm.nih.gov/mesh/D012333"
                },
                "tao:part_of": {
                    "@id": "http://purl.org/nanopub/temp/np#document"
                }
            },
            {
                "@type": "tao:text_span",
                "@id": "http://purl.org/nanopub/temp/np#annotation-1571:1584",
                "tao:begins_at": 1571,
                "tao:ends_at": 1584,
                "tao:has_value": "messenger RNA",
                "tao:denotes": {
                    "@id": "http://id.nlm.nih.gov/mesh/D012333"
                },
                "tao:part_of": {
                    "@id": "http://purl.org/nanopub/temp/np#document"
                }
            },
            {
                "@type": "tao:text_span",
                "@id": "http://purl.org/nanopub/temp/np#annotation-1648:1657",
                "tao:begins_at": 1648,
                "tao:ends_at": 1657,
                "tao:has_value": "cytolysis",
                "tao:denotes": {
                    "@id": "http://purl.obolibrary.org/obo/GO_0019835"
                },
                "tao:part_of": {
                    "@id": "http://purl.org/nanopub/temp/np#document"
                }
            },
            {
                "@type": "tao:text_span",
                "@id": "http://purl.org/nanopub/temp/np#annotation-1699:1702",
                "tao:begins_at": 1699,
                "tao:ends_at": 1702,
                "tao:has_value": "Vpr",
                "tao:denotes": {
                    "@id": "http://identifiers.org/umls/C0079423"
                },
                "tao:part_of": {
                    "@id": "http://purl.org/nanopub/temp/np#document"
                }
            },
            {
                "@type": "tao:text_span",
                "@id": "http://purl.org/nanopub/temp/np#annotation-1736:1751",
                "tao:begins_at": 1736,
                "tao:ends_at": 1751,
                "tao:has_value": "viral protein R",
                "tao:denotes": {
                    "@id": "http://identifiers.org/umls/C0079405"
                },
                "tao:part_of": {
                    "@id": "http://purl.org/nanopub/temp/np#document"
                }
            },
            {
                "@type": "tao:text_span",
                "@id": "http://purl.org/nanopub/temp/np#annotation-1819:1823",
                "tao:begins_at": 1819,
                "tao:ends_at": 1823,
                "tao:has_value": "HSF1",
                "tao:denotes": {
                    "@id": "http://identifiers.org/uniprot/Q00613"
                },
                "tao:part_of": {
                    "@id": "http://purl.org/nanopub/temp/np#document"
                }
            },
            {
                "@type": "tao:text_span",
                "@id": "http://purl.org/nanopub/temp/np#annotation-1999:2003",
                "tao:begins_at": 1999,
                "tao:ends_at": 2003,
                "tao:has_value": "CD8+",
                "tao:denotes": {
                    "@id": "http://id.nlm.nih.gov/mesh/D016827"
                },
                "tao:part_of": {
                    "@id": "http://purl.org/nanopub/temp/np#document"
                }
            },
            {
                "@type": "tao:text_span",
                "@id": "http://purl.org/nanopub/temp/np#annotation-2050:2055",
                "tao:begins_at": 2050,
                "tao:ends_at": 2055,
                "tao:has_value": "CD57+",
                "tao:denotes": {
                    "@id": "http://identifiers.org/umls/C0054965"
                },
                "tao:part_of": {
                    "@id": "http://purl.org/nanopub/temp/np#document"
                }
            },
            {
                "@type": "tao:text_span",
                "@id": "http://purl.org/nanopub/temp/np#annotation-2186:2191",
                "tao:begins_at": 2186,
                "tao:ends_at": 2191,
                "tao:has_value": "state",
                "tao:denotes": {
                    "@id": "http://identifiers.org/umls/C1442792"
                },
                "tao:part_of": {
                    "@id": "http://purl.org/nanopub/temp/np#document"
                }
            },
            {
                "@type": "tao:text_span",
                "@id": "http://purl.org/nanopub/temp/np#annotation-2267:2283",
                "tao:begins_at": 2267,
                "tao:ends_at": 2283,
                "tao:has_value": "vaccine adjuvant",
                "tao:denotes": {
                    "@id": "http://id.nlm.nih.gov/mesh/D000089582"
                },
                "tao:part_of": {
                    "@id": "http://purl.org/nanopub/temp/np#document"
                }
            },
            {
                "@type": "tao:text_span",
                "@id": "http://purl.org/nanopub/temp/np#annotation-2286:2291",
                "tao:begins_at": 2286,
                "tao:ends_at": 2291,
                "tao:has_value": "HSP70",
                "tao:denotes": {
                    "@id": "http://purl.obolibrary.org/obo/PR_000022465"
                },
                "tao:part_of": {
                    "@id": "http://purl.org/nanopub/temp/np#document"
                }
            },
            {
                "@type": "tao:text_span",
                "@id": "http://purl.org/nanopub/temp/np#annotation-2336:2350",
                "tao:begins_at": 2336,
                "tao:ends_at": 2350,
                "tao:has_value": "viral proteins",
                "tao:denotes": {
                    "@id": "http://identifiers.org/umls/C0042736"
                },
                "tao:part_of": {
                    "@id": "http://purl.org/nanopub/temp/np#document"
                }
            },
            {
                "@type": "tao:text_span",
                "@id": "http://purl.org/nanopub/temp/np#annotation-2413:2428",
                "tao:begins_at": 2413,
                "tao:ends_at": 2428,
                "tao:has_value": "plasma membrane",
                "tao:denotes": {
                    "@id": "http://id.nlm.nih.gov/mesh/D002462"
                },
                "tao:part_of": {
                    "@id": "http://purl.org/nanopub/temp/np#document"
                }
            },
            {
                "@type": "tao:text_span",
                "@id": "http://purl.org/nanopub/temp/np#annotation-2594:2599",
                "tao:begins_at": 2594,
                "tao:ends_at": 2599,
                "tao:has_value": "HSPB4",
                "tao:denotes": {
                    "@id": "http://identifiers.org/uniprot/P02489"
                },
                "tao:part_of": {
                    "@id": "http://purl.org/nanopub/temp/np#document"
                }
            },
            {
                "@type": "tao:text_span",
                "@id": "http://purl.org/nanopub/temp/np#annotation-2623:2628",
                "tao:begins_at": 2623,
                "tao:ends_at": 2628,
                "tao:has_value": "HSPB5",
                "tao:denotes": {
                    "@id": "http://purl.obolibrary.org/obo/PR_000005908"
                },
                "tao:part_of": {
                    "@id": "http://purl.org/nanopub/temp/np#document"
                }
            },
            {
                "@type": "tao:text_span",
                "@id": "http://purl.org/nanopub/temp/np#annotation-2679:2691",
                "tao:begins_at": 2679,
                "tao:ends_at": 2691,
                "tao:has_value": "calcium ions",
                "tao:denotes": {
                    "@id": "http://identifiers.org/umls/C0596235"
                },
                "tao:part_of": {
                    "@id": "http://purl.org/nanopub/temp/np#document"
                }
            },
            {
                "@type": "tao:text_span",
                "@id": "http://purl.org/nanopub/temp/np#annotation-2711:2725",
                "tao:begins_at": 2711,
                "tao:ends_at": 2725,
                "tao:has_value": "HIV-1 protease",
                "tao:denotes": {
                    "@id": "http://identifiers.org/umls/C0917721"
                },
                "tao:part_of": {
                    "@id": "http://purl.org/nanopub/temp/np#document"
                }
            },
            {
                "@type": "tao:text_span",
                "@id": "http://purl.org/nanopub/temp/np#annotation-2727:2732",
                "tao:begins_at": 2727,
                "tao:ends_at": 2732,
                "tao:has_value": "HSPB8",
                "tao:denotes": {
                    "@id": "http://identifiers.org/uniprot/Q9EPX0"
                },
                "tao:part_of": {
                    "@id": "http://purl.org/nanopub/temp/np#document"
                }
            },
            {
                "@type": "tao:text_span",
                "@id": "http://purl.org/nanopub/temp/np#annotation-2766:2771",
                "tao:begins_at": 2766,
                "tao:ends_at": 2771,
                "tao:has_value": "Sam68",
                "tao:denotes": {
                    "@id": "http://identifiers.org/uniprot/Q8UUW7"
                },
                "tao:part_of": {
                    "@id": "http://purl.org/nanopub/temp/np#document"
                }
            }
        ]
    }
}