{
    "@context": {
        "rdf": "http://www.w3.org/1999/02/22-rdf-syntax-ns#",
        "rdfs": "http://www.w3.org/2000/01/rdf-schema#",
        "biolink": "https://w3id.org/biolink/vocab/",
        "infores": "https://w3id.org/biolink/infores/",
        "dct": "http://purl.org/dc/terms/"
    },
    "@graph": [
        {
            "@id": "https://w3id.org/biolink/infores/knowledge-collaboratory",
            "@type": "biolink:InformationResource",
            "biolink:category": "biolink:InformationResource",
            "biolink:id": "infores:knowledge-collaboratory"
        },
        {
            "@id": "https://www.frontiersin.org/articles/10.3389/fimmu.2022.947789/full#:~:text=HSPs%20inhibit%20viral%20infection%20by,viruses%20to%20silence%20their%20replication.",
            "@type": "biolink:Publication",
            "biolink:category": "biolink:Publication",
            "biolink:id": "https://www.frontiersin.org/articles/10.3389/fimmu.2022.947789/full#:~:text=HSPs%20inhibit%20viral%20infection%20by,viruses%20to%20silence%20their%20replication."
        },
        {
            "@type": "biolink:Association",
            "biolink:category": "biolink:Association",
            "rdf:subject": {
                "@id": "http://identifiers.org/umls/C0018850"
            },
            "rdf:predicate": {
                "@id": "https://w3id.org/biolink/vocab/include"
            },
            "rdf:object": {
                "@id": "http://identifiers.org/uniprot/P19120"
            },
            "biolink:id": "collaboratory:UMLS:C0018850-biolink:include-UniProtKB:P19120",
            "biolink:aggregator_knowledge_source": {
                "@id": "infores:knowledge-collaboratory"
            },
            "https://w3id.org/biolink/vocab/publications": {
                "@id": "https://www.frontiersin.org/articles/10.3389/fimmu.2022.947789/full#:~:text=HSPs%20inhibit%20viral%20infection%20by,viruses%20to%20silence%20their%20replication."
            }
        },
        {
            "@id": "https://www.frontiersin.org/articles/10.3389/fimmu.2022.947789/full#:~:text=HSPs%20inhibit%20viral%20infection%20by,viruses%20to%20silence%20their%20replication.",
            "@type": "biolink:Publication",
            "biolink:category": "biolink:Publication",
            "biolink:id": "https://www.frontiersin.org/articles/10.3389/fimmu.2022.947789/full#:~:text=HSPs%20inhibit%20viral%20infection%20by,viruses%20to%20silence%20their%20replication."
        },
        {
            "@type": "biolink:Association",
            "biolink:category": "biolink:Association",
            "rdf:subject": {
                "@id": "HSC79"
            },
            "rdf:predicate": {
                "@id": "https://w3id.org/biolink/vocab/binds"
            },
            "rdf:object": {
                "@id": "http://identifiers.org/umls/C0887909"
            },
            "biolink:id": "collaboratory:undefined-biolink:binds-UMLS:C0887909",
            "biolink:aggregator_knowledge_source": {
                "@id": "infores:knowledge-collaboratory"
            },
            "https://w3id.org/biolink/vocab/publications": {
                "@id": "https://www.frontiersin.org/articles/10.3389/fimmu.2022.947789/full#:~:text=HSPs%20inhibit%20viral%20infection%20by,viruses%20to%20silence%20their%20replication."
            }
        },
        {
            "@id": "https://www.frontiersin.org/articles/10.3389/fimmu.2022.947789/full#:~:text=HSPs%20inhibit%20viral%20infection%20by,viruses%20to%20silence%20their%20replication.",
            "@type": "biolink:Publication",
            "biolink:category": "biolink:Publication",
            "biolink:id": "https://www.frontiersin.org/articles/10.3389/fimmu.2022.947789/full#:~:text=HSPs%20inhibit%20viral%20infection%20by,viruses%20to%20silence%20their%20replication."
        },
        {
            "@type": "biolink:Association",
            "biolink:category": "biolink:Association",
            "rdf:subject": {
                "@id": "HumanImmunodeficiencyVirus"
            },
            "rdf:predicate": {
                "@id": "https://w3id.org/biolink/vocab/has_name"
            },
            "rdf:object": {
                "@id": "http://purl.obolibrary.org/obo/NCBITaxon_11676"
            },
            "biolink:id": "collaboratory:undefined-biolink:has_name-NCBITaxon:11676",
            "biolink:aggregator_knowledge_source": {
                "@id": "infores:knowledge-collaboratory"
            },
            "https://w3id.org/biolink/vocab/publications": {
                "@id": "https://www.frontiersin.org/articles/10.3389/fimmu.2022.947789/full#:~:text=HSPs%20inhibit%20viral%20infection%20by,viruses%20to%20silence%20their%20replication."
            }
        },
        {
            "@id": "https://www.frontiersin.org/articles/10.3389/fimmu.2022.947789/full#:~:text=HSPs%20inhibit%20viral%20infection%20by,viruses%20to%20silence%20their%20replication.",
            "@type": "biolink:Publication",
            "biolink:category": "biolink:Publication",
            "biolink:id": "https://www.frontiersin.org/articles/10.3389/fimmu.2022.947789/full#:~:text=HSPs%20inhibit%20viral%20infection%20by,viruses%20to%20silence%20their%20replication."
        },
        {
            "@type": "biolink:Association",
            "biolink:category": "biolink:Association",
            "rdf:subject": {
                "@id": "http://purl.obolibrary.org/obo/NCBITaxon_11676"
            },
            "rdf:predicate": {
                "@id": "https://w3id.org/biolink/vocab/encodes"
            },
            "rdf:object": {
                "@id": "http://identifiers.org/umls/C0887909"
            },
            "biolink:id": "collaboratory:NCBITaxon:11676-biolink:encodes-UMLS:C0887909",
            "biolink:aggregator_knowledge_source": {
                "@id": "infores:knowledge-collaboratory"
            },
            "https://w3id.org/biolink/vocab/publications": {
                "@id": "https://www.frontiersin.org/articles/10.3389/fimmu.2022.947789/full#:~:text=HSPs%20inhibit%20viral%20infection%20by,viruses%20to%20silence%20their%20replication."
            }
        },
        {
            "@id": "https://www.frontiersin.org/articles/10.3389/fimmu.2022.947789/full#:~:text=HSPs%20inhibit%20viral%20infection%20by,viruses%20to%20silence%20their%20replication.",
            "@type": "biolink:Publication",
            "biolink:category": "biolink:Publication",
            "biolink:id": "https://www.frontiersin.org/articles/10.3389/fimmu.2022.947789/full#:~:text=HSPs%20inhibit%20viral%20infection%20by,viruses%20to%20silence%20their%20replication."
        },
        {
            "@type": "biolink:Association",
            "biolink:category": "biolink:Association",
            "rdf:subject": {
                "@id": "http://identifiers.org/umls/C0887909"
            },
            "rdf:predicate": {
                "@id": "https://w3id.org/biolink/vocab/regulate"
            },
            "rdf:object": {
                "@id": "http://identifiers.org/umls/C0598312"
            },
            "biolink:id": "collaboratory:UMLS:C0887909-biolink:regulate-UMLS:C0598312",
            "biolink:aggregator_knowledge_source": {
                "@id": "infores:knowledge-collaboratory"
            },
            "https://w3id.org/biolink/vocab/publications": {
                "@id": "https://www.frontiersin.org/articles/10.3389/fimmu.2022.947789/full#:~:text=HSPs%20inhibit%20viral%20infection%20by,viruses%20to%20silence%20their%20replication."
            }
        },
        {
            "@id": "https://www.frontiersin.org/articles/10.3389/fimmu.2022.947789/full#:~:text=HSPs%20inhibit%20viral%20infection%20by,viruses%20to%20silence%20their%20replication.",
            "@type": "biolink:Publication",
            "biolink:category": "biolink:Publication",
            "biolink:id": "https://www.frontiersin.org/articles/10.3389/fimmu.2022.947789/full#:~:text=HSPs%20inhibit%20viral%20infection%20by,viruses%20to%20silence%20their%20replication."
        },
        {
            "@type": "biolink:Association",
            "biolink:category": "biolink:Association",
            "rdf:subject": {
                "@id": "http://identifiers.org/umls/C0598312"
            },
            "rdf:predicate": {
                "@id": "https://w3id.org/biolink/vocab/manifests"
            },
            "rdf:object": {
                "@id": "http://purl.obolibrary.org/obo/NCBITaxon_11676"
            },
            "biolink:id": "collaboratory:UMLS:C0598312-biolink:manifests-NCBITaxon:11676",
            "biolink:aggregator_knowledge_source": {
                "@id": "infores:knowledge-collaboratory"
            },
            "https://w3id.org/biolink/vocab/publications": {
                "@id": "https://www.frontiersin.org/articles/10.3389/fimmu.2022.947789/full#:~:text=HSPs%20inhibit%20viral%20infection%20by,viruses%20to%20silence%20their%20replication."
            }
        },
        {
            "@id": "https://www.frontiersin.org/articles/10.3389/fimmu.2022.947789/full#:~:text=HSPs%20inhibit%20viral%20infection%20by,viruses%20to%20silence%20their%20replication.",
            "@type": "biolink:Publication",
            "biolink:category": "biolink:Publication",
            "biolink:id": "https://www.frontiersin.org/articles/10.3389/fimmu.2022.947789/full#:~:text=HSPs%20inhibit%20viral%20infection%20by,viruses%20to%20silence%20their%20replication."
        },
        {
            "@type": "biolink:Association",
            "biolink:category": "biolink:Association",
            "rdf:subject": {
                "@id": "http://purl.obolibrary.org/obo/NCBITaxon_11676"
            },
            "rdf:predicate": {
                "@id": "https://w3id.org/biolink/vocab/has_genus"
            },
            "rdf:object": {
                "@id": "http://purl.obolibrary.org/obo/NCBITaxon_11646"
            },
            "biolink:id": "collaboratory:NCBITaxon:11676-biolink:has_genus-NCBITaxon:11646",
            "biolink:aggregator_knowledge_source": {
                "@id": "infores:knowledge-collaboratory"
            },
            "https://w3id.org/biolink/vocab/publications": {
                "@id": "https://www.frontiersin.org/articles/10.3389/fimmu.2022.947789/full#:~:text=HSPs%20inhibit%20viral%20infection%20by,viruses%20to%20silence%20their%20replication."
            }
        },
        {
            "@id": "https://www.frontiersin.org/articles/10.3389/fimmu.2022.947789/full#:~:text=HSPs%20inhibit%20viral%20infection%20by,viruses%20to%20silence%20their%20replication.",
            "@type": "biolink:Publication",
            "biolink:category": "biolink:Publication",
            "biolink:id": "https://www.frontiersin.org/articles/10.3389/fimmu.2022.947789/full#:~:text=HSPs%20inhibit%20viral%20infection%20by,viruses%20to%20silence%20their%20replication."
        },
        {
            "@type": "biolink:Association",
            "biolink:category": "biolink:Association",
            "rdf:subject": {
                "@id": "http://purl.obolibrary.org/obo/NCBITaxon_11646"
            },
            "rdf:predicate": {
                "@id": "https://w3id.org/biolink/vocab/is_in"
            },
            "rdf:object": {
                "@id": "http://purl.obolibrary.org/obo/NCBITaxon_11632"
            },
            "biolink:id": "collaboratory:NCBITaxon:11646-biolink:is_in-NCBITaxon:11632",
            "biolink:aggregator_knowledge_source": {
                "@id": "infores:knowledge-collaboratory"
            },
            "https://w3id.org/biolink/vocab/publications": {
                "@id": "https://www.frontiersin.org/articles/10.3389/fimmu.2022.947789/full#:~:text=HSPs%20inhibit%20viral%20infection%20by,viruses%20to%20silence%20their%20replication."
            }
        },
        {
            "@id": "https://www.frontiersin.org/articles/10.3389/fimmu.2022.947789/full#:~:text=HSPs%20inhibit%20viral%20infection%20by,viruses%20to%20silence%20their%20replication.",
            "@type": "biolink:Publication",
            "biolink:category": "biolink:Publication",
            "biolink:id": "https://www.frontiersin.org/articles/10.3389/fimmu.2022.947789/full#:~:text=HSPs%20inhibit%20viral%20infection%20by,viruses%20to%20silence%20their%20replication."
        },
        {
            "@type": "biolink:Association",
            "biolink:category": "biolink:Association",
            "rdf:subject": {
                "@id": "http://purl.obolibrary.org/obo/NCBITaxon_11646"
            },
            "rdf:predicate": {
                "@id": "https://w3id.org/biolink/vocab/are"
            },
            "rdf:object": {
                "@id": "http://purl.obolibrary.org/obo/NCBITaxon_11676"
            },
            "biolink:id": "collaboratory:NCBITaxon:11646-biolink:are-NCBITaxon:11676",
            "biolink:aggregator_knowledge_source": {
                "@id": "infores:knowledge-collaboratory"
            },
            "https://w3id.org/biolink/vocab/publications": {
                "@id": "https://www.frontiersin.org/articles/10.3389/fimmu.2022.947789/full#:~:text=HSPs%20inhibit%20viral%20infection%20by,viruses%20to%20silence%20their%20replication."
            }
        },
        {
            "@id": "https://www.frontiersin.org/articles/10.3389/fimmu.2022.947789/full#:~:text=HSPs%20inhibit%20viral%20infection%20by,viruses%20to%20silence%20their%20replication.",
            "@type": "biolink:Publication",
            "biolink:category": "biolink:Publication",
            "biolink:id": "https://www.frontiersin.org/articles/10.3389/fimmu.2022.947789/full#:~:text=HSPs%20inhibit%20viral%20infection%20by,viruses%20to%20silence%20their%20replication."
        },
        {
            "@type": "biolink:Association",
            "biolink:category": "biolink:Association",
            "rdf:subject": {
                "@id": "http://purl.obolibrary.org/obo/NCBITaxon_11676"
            },
            "rdf:predicate": {
                "@id": "https://w3id.org/biolink/vocab/contains"
            },
            "rdf:object": {
                "@id": "http://purl.obolibrary.org/obo/NCBITaxon_11632"
            },
            "biolink:id": "collaboratory:NCBITaxon:11676-biolink:contains-NCBITaxon:11632",
            "biolink:aggregator_knowledge_source": {
                "@id": "infores:knowledge-collaboratory"
            },
            "https://w3id.org/biolink/vocab/publications": {
                "@id": "https://www.frontiersin.org/articles/10.3389/fimmu.2022.947789/full#:~:text=HSPs%20inhibit%20viral%20infection%20by,viruses%20to%20silence%20their%20replication."
            }
        },
        {
            "@id": "https://www.frontiersin.org/articles/10.3389/fimmu.2022.947789/full#:~:text=HSPs%20inhibit%20viral%20infection%20by,viruses%20to%20silence%20their%20replication.",
            "@type": "biolink:Publication",
            "biolink:category": "biolink:Publication",
            "biolink:id": "https://www.frontiersin.org/articles/10.3389/fimmu.2022.947789/full#:~:text=HSPs%20inhibit%20viral%20infection%20by,viruses%20to%20silence%20their%20replication."
        },
        {
            "@type": "biolink:Association",
            "biolink:category": "biolink:Association",
            "rdf:subject": {
                "@id": "http://identifiers.org/uniprot/P21338"
            },
            "rdf:predicate": {
                "@id": "https://w3id.org/biolink/vocab/becomes"
            },
            "rdf:object": {
                "@id": "http://purl.obolibrary.org/obo/NCBITaxon_11676"
            },
            "biolink:id": "collaboratory:UniProtKB:P21338-biolink:becomes-NCBITaxon:11676",
            "biolink:aggregator_knowledge_source": {
                "@id": "infores:knowledge-collaboratory"
            },
            "https://w3id.org/biolink/vocab/publications": {
                "@id": "https://www.frontiersin.org/articles/10.3389/fimmu.2022.947789/full#:~:text=HSPs%20inhibit%20viral%20infection%20by,viruses%20to%20silence%20their%20replication."
            }
        },
        {
            "@id": "http://identifiers.org/umls/C0018850",
            "@type": "biolink:GeneProduct",
            "biolink:id": "UMLS:C0018850",
            "biolink:category": "biolink:GeneProduct",
            "rdfs:label": "Heat Shock Proteins"
        },
        {
            "@id": "http://identifiers.org/uniprot/P19120",
            "@type": "biolink:GeneProduct",
            "biolink:id": "UniProtKB:P19120",
            "biolink:category": "biolink:GeneProduct",
            "rdfs:label": "HSC70"
        },
        {
            "@id": "http://identifiers.org/umls/C0887909",
            "@type": "biolink:GeneProduct",
            "biolink:id": "UMLS:C0887909",
            "biolink:category": "biolink:GeneProduct",
            "rdfs:label": "ncRNA"
        },
        {
            "@id": "http://identifiers.org/uniprot/P21338",
            "@type": "biolink:ChemicalEntity",
            "biolink:id": "UniProtKB:P21338",
            "biolink:category": "biolink:ChemicalEntity",
            "rdfs:label": "RNA"
        },
        {
            "@id": "http://purl.obolibrary.org/obo/NCBITaxon_9606",
            "@type": "biolink:OrganismTaxon",
            "biolink:id": "NCBITaxon:9606",
            "biolink:category": "biolink:OrganismTaxon",
            "rdfs:label": "human"
        },
        {
            "@id": "http://purl.obolibrary.org/obo/NCBITaxon_11676",
            "@type": "biolink:OrganismTaxon",
            "biolink:id": "NCBITaxon:11676",
            "biolink:category": "biolink:OrganismTaxon",
            "rdfs:label": "HIV-1"
        },
        {
            "@id": "http://identifiers.org/umls/C0598312",
            "@type": "biolink:Disease",
            "biolink:id": "UMLS:C0598312",
            "biolink:category": "biolink:Disease",
            "rdfs:label": "Replication"
        },
        {
            "@id": "http://purl.obolibrary.org/obo/NCBITaxon_11646",
            "@type": "biolink:OrganismTaxon",
            "biolink:id": "NCBITaxon:11646",
            "biolink:category": "biolink:OrganismTaxon",
            "rdfs:label": "Lentivirus"
        },
        {
            "@id": "http://purl.obolibrary.org/obo/NCBITaxon_11632",
            "@type": "biolink:OrganismTaxon",
            "biolink:id": "NCBITaxon:11632",
            "biolink:category": "biolink:OrganismTaxon",
            "rdfs:label": "Retroviridae"
        },
        {
            "@id": "http://identifiers.org/pubchem.compound/44135672",
            "@type": "biolink:ChemicalEntity",
            "biolink:id": "PUBCHEM.COMPOUND:44135672",
            "biolink:category": "biolink:ChemicalEntity",
            "rdfs:label": "DNA"
        },
        {
            "@id": "http://id.nlm.nih.gov/mesh/D012194",
            "@type": "biolink:GeneProduct",
            "biolink:id": "MESH:D012194",
            "biolink:category": "biolink:GeneProduct",
            "rdfs:label": "reverse transcriptase"
        },
        {
            "@id": "http://identifiers.org/umls/C1167396",
            "@type": "biolink:OrganismTaxon",
            "biolink:id": "UMLS:C1167396",
            "biolink:category": "biolink:OrganismTaxon",
            "rdfs:label": "host-cell nucleus"
        },
        {
            "@id": "http://purl.obolibrary.org/obo/CL_0000000",
            "@type": "biolink:OrganismTaxon",
            "biolink:id": "CL:0000000",
            "biolink:category": "biolink:OrganismTaxon",
            "rdfs:label": "cell"
        },
        {
            "@id": "http://identifiers.org/umls/C1819995",
            "@type": "biolink:OrganismTaxon",
            "biolink:id": "UMLS:C1819995",
            "biolink:category": "biolink:OrganismTaxon",
            "rdfs:label": "host cell"
        },
        {
            "@id": "http://identifiers.org/umls/C0850851",
            "@type": "biolink:Disease",
            "biolink:id": "UMLS:C0850851",
            "biolink:category": "biolink:Disease",
            "rdfs:label": "infected human"
        }
    ],
    "@annotations": {
        "@context": {
            "tao": "http://pubannotation.org/ontology/tao.owl#",
            "rdfs": "http://www.w3.org/2000/01/rdf-schema#"
        },
        "@graph": [
            {
                "@id": "http://purl.org/nanopub/temp/np#document",
                "@type": "tao:document_text",
                "tao:has_value": "Heat Shock Proteins include HSC70.\nHSC79 binds ncRNA. \nHumanImmunodeficiencyVirus has name HIV-1 .\nHIV-1 encodes ncRNA.\nncRNA regulate replication.\nReplication manifests infection. \nHIV-1 is an RNA virus.\nHIV-1 has genus Lentivirus.\nLentivirus genus is in Retroviridae family. \n\nLentiviruses are single-stranded virus.\nLentiviruses are positive-sense viruses.\nLentiviruses are enveloped viruses. \nLentiviruses are RNA virus.\n\nHIV-1 contains two molecules of RNA.\nRNA becomes DNA via reverse transcriptase.\n\nViral reverse transcriptase produces HIV-1 DNA.\nHIV-1 DNA is imported into the host-cell nucleus.\nHIV-1 DNA transcription is located at five-prime end.\nFive-prime end  is in the DNA.\nFive-prime end is in the RNA.\nRNA is  located in the host cell.\nDNA is located in the host cell.\nCell is in human.\nHuman is host.\n\nHIV-1 DNA in host is an infected human.\n",
                "rdfs:seeAlso": {
                    "@id": "https://www.frontiersin.org/articles/10.3389/fimmu.2022.947789/full#:~:text=HSPs%20inhibit%20viral%20infection%20by,viruses%20to%20silence%20their%20replication."
                }
            },
            {
                "@type": "tao:text_span",
                "@id": "http://purl.org/nanopub/temp/np#annotation-0:19",
                "tao:begins_at": 0,
                "tao:ends_at": 19,
                "tao:has_value": "Heat Shock Proteins",
                "tao:denotes": {
                    "@id": "http://identifiers.org/umls/C0018850"
                },
                "tao:part_of": {
                    "@id": "http://purl.org/nanopub/temp/np#document"
                }
            },
            {
                "@type": "tao:text_span",
                "@id": "http://purl.org/nanopub/temp/np#annotation-28:33",
                "tao:begins_at": 28,
                "tao:ends_at": 33,
                "tao:has_value": "HSC70",
                "tao:denotes": {
                    "@id": "http://identifiers.org/uniprot/P19120"
                },
                "tao:part_of": {
                    "@id": "http://purl.org/nanopub/temp/np#document"
                }
            },
            {
                "@type": "tao:text_span",
                "@id": "http://purl.org/nanopub/temp/np#annotation-47:52",
                "tao:begins_at": 47,
                "tao:ends_at": 52,
                "tao:has_value": "ncRNA",
                "tao:denotes": {
                    "@id": "http://identifiers.org/umls/C0887909"
                },
                "tao:part_of": {
                    "@id": "http://purl.org/nanopub/temp/np#document"
                }
            },
            {
                "@type": "tao:text_span",
                "@id": "http://purl.org/nanopub/temp/np#annotation-49:52",
                "tao:begins_at": 49,
                "tao:ends_at": 52,
                "tao:has_value": "RNA",
                "tao:denotes": {
                    "@id": "http://identifiers.org/uniprot/P21338"
                },
                "tao:part_of": {
                    "@id": "http://purl.org/nanopub/temp/np#document"
                }
            },
            {
                "@type": "tao:text_span",
                "@id": "http://purl.org/nanopub/temp/np#annotation-55:60",
                "tao:begins_at": 55,
                "tao:ends_at": 60,
                "tao:has_value": "human",
                "tao:denotes": {
                    "@id": "http://purl.obolibrary.org/obo/NCBITaxon_9606"
                },
                "tao:part_of": {
                    "@id": "http://purl.org/nanopub/temp/np#document"
                }
            },
            {
                "@type": "tao:text_span",
                "@id": "http://purl.org/nanopub/temp/np#annotation-91:96",
                "tao:begins_at": 91,
                "tao:ends_at": 96,
                "tao:has_value": "HIV-1",
                "tao:denotes": {
                    "@id": "http://purl.obolibrary.org/obo/NCBITaxon_11676"
                },
                "tao:part_of": {
                    "@id": "http://purl.org/nanopub/temp/np#document"
                }
            },
            {
                "@type": "tao:text_span",
                "@id": "http://purl.org/nanopub/temp/np#annotation-135:146",
                "tao:begins_at": 135,
                "tao:ends_at": 146,
                "tao:has_value": "Replication",
                "tao:denotes": {
                    "@id": "http://identifiers.org/umls/C0598312"
                },
                "tao:part_of": {
                    "@id": "http://purl.org/nanopub/temp/np#document"
                }
            },
            {
                "@type": "tao:text_span",
                "@id": "http://purl.org/nanopub/temp/np#annotation-221:231",
                "tao:begins_at": 221,
                "tao:ends_at": 231,
                "tao:has_value": "Lentivirus",
                "tao:denotes": {
                    "@id": "http://purl.obolibrary.org/obo/NCBITaxon_11646"
                },
                "tao:part_of": {
                    "@id": "http://purl.org/nanopub/temp/np#document"
                }
            },
            {
                "@type": "tao:text_span",
                "@id": "http://purl.org/nanopub/temp/np#annotation-256:268",
                "tao:begins_at": 256,
                "tao:ends_at": 268,
                "tao:has_value": "Retroviridae",
                "tao:denotes": {
                    "@id": "http://purl.obolibrary.org/obo/NCBITaxon_11632"
                },
                "tao:part_of": {
                    "@id": "http://purl.org/nanopub/temp/np#document"
                }
            },
            {
                "@type": "tao:text_span",
                "@id": "http://purl.org/nanopub/temp/np#annotation-475:478",
                "tao:begins_at": 475,
                "tao:ends_at": 478,
                "tao:has_value": "DNA",
                "tao:denotes": {
                    "@id": "http://identifiers.org/pubchem.compound/44135672"
                },
                "tao:part_of": {
                    "@id": "http://purl.org/nanopub/temp/np#document"
                }
            },
            {
                "@type": "tao:text_span",
                "@id": "http://purl.org/nanopub/temp/np#annotation-483:504",
                "tao:begins_at": 483,
                "tao:ends_at": 504,
                "tao:has_value": "reverse transcriptase",
                "tao:denotes": {
                    "@id": "http://id.nlm.nih.gov/mesh/D012194"
                },
                "tao:part_of": {
                    "@id": "http://purl.org/nanopub/temp/np#document"
                }
            },
            {
                "@type": "tao:text_span",
                "@id": "http://purl.org/nanopub/temp/np#annotation-586:603",
                "tao:begins_at": 586,
                "tao:ends_at": 603,
                "tao:has_value": "host-cell nucleus",
                "tao:denotes": {
                    "@id": "http://identifiers.org/umls/C1167396"
                },
                "tao:part_of": {
                    "@id": "http://purl.org/nanopub/temp/np#document"
                }
            },
            {
                "@type": "tao:text_span",
                "@id": "http://purl.org/nanopub/temp/np#annotation-591:595",
                "tao:begins_at": 591,
                "tao:ends_at": 595,
                "tao:has_value": "cell",
                "tao:denotes": {
                    "@id": "http://purl.obolibrary.org/obo/CL_0000000"
                },
                "tao:part_of": {
                    "@id": "http://purl.org/nanopub/temp/np#document"
                }
            },
            {
                "@type": "tao:text_span",
                "@id": "http://purl.org/nanopub/temp/np#annotation-743:752",
                "tao:begins_at": 743,
                "tao:ends_at": 752,
                "tao:has_value": "host cell",
                "tao:denotes": {
                    "@id": "http://identifiers.org/umls/C1819995"
                },
                "tao:part_of": {
                    "@id": "http://purl.org/nanopub/temp/np#document"
                }
            },
            {
                "@type": "tao:text_span",
                "@id": "http://purl.org/nanopub/temp/np#annotation-845:859",
                "tao:begins_at": 845,
                "tao:ends_at": 859,
                "tao:has_value": "infected human",
                "tao:denotes": {
                    "@id": "http://identifiers.org/umls/C0850851"
                },
                "tao:part_of": {
                    "@id": "http://purl.org/nanopub/temp/np#document"
                }
            }
        ]
    }
}